Image Index,PSNR,SSIM,LPIPS
1,34.7305,0.9144,0.3048
2,34.8603,0.9257,0.2355
3,34.1031,0.8819,0.2874
4,32.6425,0.8832,0.1925
5,32.4731,0.8757,0.2477
6,34.2329,0.9154,0.2729
7,32.2205,0.7571,0.1720
8,35.2742,0.9446,0.2109
9,33.5117,0.9078,0.2419
10,35.4443,0.9376,0.2691
11,32.2862,0.8574,0.1836
12,32.3642,0.8663,0.1974
13,36.5171,0.9525,0.1869
14,32.8545,0.8753,0.2617
15,32.8529,0.8954,0.1914
16,33.5740,0.8919,0.1967
17,32.8270,0.8709,0.2406
18,34.4664,0.9282,0.1936
19,32.9729,0.8551,0.1674
20,32.3100,0.8051,0.2605
21,33.3789,0.9028,0.1906
22,34.5624,0.9266,0.2255
23,36.1497,0.9529,0.2124
24,34.4071,0.8940,0.3229
25,32.6947,0.8655,0.2780
26,31.2262,0.8547,0.2279
27,35.0428,0.9371,0.2140
28,30.1900,0.8463,0.2071
29,32.3713,0.7647,0.1816
30,33.4650,0.9055,0.2014
31,33.4412,0.9095,0.1732
32,33.6479,0.8932,0.2074
33,33.8786,0.9197,0.2384
34,32.5020,0.8774,0.2473
35,33.9941,0.9229,0.2059
36,34.8144,0.8935,0.2733
37,32.8471,0.8959,0.1992
38,32.5215,0.8791,0.2227
39,32.8555,0.8927,0.2445
40,32.6917,0.8512,0.2019
41,32.6186,0.9051,0.1964
42,33.3438,0.9077,0.2168
43,32.5447,0.8097,0.2036
44,32.9253,0.8815,0.1927
45,33.8594,0.9010,0.2246
46,35.5123,0.9236,0.2633
47,32.7992,0.8857,0.2121
48,33.6439,0.9020,0.2258
49,34.6091,0.9322,0.2111
50,35.5375,0.9376,0.2259
51,33.5734,0.9082,0.2123
52,32.6596,0.8954,0.1905
53,32.7570,0.8869,0.2107
54,33.1160,0.8961,0.2018
55,32.5471,0.8799,0.2265
56,33.2041,0.8981,0.1917
57,33.5981,0.9003,0.1692
58,33.2658,0.8934,0.2208
59,33.7795,0.9028,0.1735
60,33.0901,0.8950,0.2018
61,34.9385,0.9382,0.1882
62,35.4316,0.9165,0.3115
63,33.3051,0.8927,0.1902
64,33.3426,0.9032,0.2096
65,32.9799,0.8986,0.1790
66,31.0547,0.8740,0.2801
67,33.2733,0.8988,0.2038
68,38.0342,0.9753,0.2639
69,33.1941,0.8942,0.2493
70,33.6477,0.9056,0.1864
71,33.4408,0.8949,0.2461
72,32.1966,0.8543,0.2331
73,35.3460,0.9505,0.2440
74,34.8287,0.9339,0.2229
75,32.6740,0.8743,0.2383
76,32.9260,0.8788,0.2102
77,33.6356,0.8786,0.2233
78,32.6068,0.8620,0.1844
79,32.7603,0.8677,0.1934
80,32.9787,0.9041,0.2169
81,34.2211,0.8955,0.2003
82,33.4135,0.9077,0.2257
83,33.8357,0.9042,0.2094
84,33.2941,0.9050,0.1917
85,35.1743,0.9161,0.2262
86,34.6736,0.9331,0.1994
87,33.7269,0.8975,0.2003
88,33.1168,0.8899,0.2423
89,34.8844,0.9262,0.2324
90,35.9474,0.9473,0.2502
91,33.3254,0.8340,0.1950
92,33.1453,0.9014,0.2035
93,34.4908,0.9314,0.2109
94,32.4538,0.7434,0.2311
95,33.1742,0.8830,0.1910
96,32.4352,0.8651,0.3152
97,32.3871,0.8921,0.2409
98,33.2301,0.8820,0.2677
99,34.7317,0.9246,0.3201
100,33.5632,0.9062,0.2413
101,33.2135,0.9066,0.3089
102,33.0380,0.8666,0.1950
103,33.8673,0.9175,0.2532
104,33.2587,0.9062,0.2716
105,33.3292,0.8982,0.2401
106,30.5719,0.8197,0.2049
107,34.2593,0.9224,0.2342
108,33.2268,0.8897,0.2074
109,35.0798,0.8846,0.3075
110,34.8721,0.9259,0.2287
111,33.3949,0.8981,0.2482
112,32.6901,0.8873,0.1930
113,35.0568,0.9298,0.2424
114,32.1243,0.8791,0.2143
115,33.6374,0.8930,0.1817
116,32.8185,0.8858,0.2402
117,32.8052,0.8802,0.2037
118,34.8482,0.9271,0.2464
119,34.7918,0.9376,0.2136
120,34.1869,0.9038,0.2834
121,34.5143,0.9145,0.1836
122,33.0626,0.8157,0.1961
123,33.3017,0.8622,0.2082
124,34.0307,0.9017,0.2118
125,33.7072,0.9083,0.1697
126,33.4818,0.9150,0.2302
127,33.3360,0.8892,0.2188
128,35.3186,0.9167,0.2869
129,32.9923,0.8817,0.2332
130,32.6032,0.8421,0.2035
131,33.8118,0.9155,0.1878
132,33.6361,0.8937,0.2088
133,33.3098,0.9071,0.2347
134,32.6773,0.8757,0.2421
135,35.3371,0.9032,0.2505
136,33.9074,0.9035,0.1977
137,32.2982,0.8652,0.2210
138,33.0935,0.8897,0.2092
139,33.0514,0.8805,0.1969
140,32.9140,0.8960,0.2175
141,31.1399,0.8571,0.1903
142,33.1849,0.8917,0.2454
143,36.0793,0.9508,0.2176
144,32.2925,0.8498,0.2156
145,33.0333,0.9019,0.1906
146,32.9616,0.8943,0.2219
147,33.2712,0.9242,0.1602
148,33.1460,0.8973,0.2153
149,33.3050,0.8747,0.1343
150,32.2477,0.8691,0.2001
151,32.8844,0.8748,0.2093
152,32.7674,0.9062,0.1814
153,34.3613,0.9158,0.1944
154,33.4951,0.9067,0.2094
155,34.7059,0.9273,0.2677
156,33.5665,0.8900,0.2141
157,32.6003,0.8967,0.2260
158,32.4991,0.8784,0.2004
159,32.6772,0.8727,0.2060
160,33.3496,0.8935,0.2849
161,32.8791,0.8523,0.1812
162,34.0405,0.8944,0.3206
163,34.3363,0.8915,0.3068
164,33.3412,0.9107,0.1806
165,32.7252,0.8883,0.2068
166,35.8475,0.9506,0.2085
167,33.9588,0.9145,0.2994
168,33.5257,0.9040,0.2604
169,33.2008,0.9037,0.2604
170,32.2222,0.8430,0.2777
171,33.5034,0.9029,0.2665
172,33.9406,0.9083,0.2378
173,33.0071,0.8920,0.2424
174,33.5962,0.9025,0.2043
175,33.5229,0.9060,0.2166
176,34.1113,0.9172,0.2638
177,33.0236,0.8612,0.1898
178,33.3088,0.9064,0.2235
179,32.6144,0.8869,0.2235
180,33.9125,0.9136,0.2098
181,32.8416,0.8848,0.2137
182,36.2283,0.9558,0.1979
183,32.3694,0.8781,0.1941
184,33.6535,0.9057,0.2457
185,32.7826,0.8897,0.2076
186,33.3179,0.9059,0.2100
187,34.2111,0.9150,0.1736
188,33.7471,0.8985,0.2680
189,32.2643,0.8078,0.2082
190,32.7089,0.8832,0.1967
191,32.6651,0.8704,0.1753
192,32.7078,0.8811,0.2779
193,33.6880,0.9290,0.2306
194,32.1612,0.8821,0.1949
195,32.6405,0.8677,0.1898
196,35.4372,0.8954,0.2697
197,33.0405,0.7889,0.1333
198,33.0194,0.8675,0.2325
199,32.8788,0.8792,0.2079
200,33.4789,0.8950,0.2755
201,33.3779,0.8981,0.1997
202,32.2861,0.8832,0.2123
203,33.6496,0.9095,0.1561
204,32.9335,0.9000,0.1913
205,34.4158,0.9224,0.2250
206,34.2406,0.9026,0.2274
207,33.0608,0.8951,0.2392
208,34.1070,0.9221,0.2138
209,35.4755,0.9383,0.2703
210,33.2862,0.8974,0.2048
211,33.4192,0.9005,0.1836
212,32.5292,0.8472,0.2552
213,32.5278,0.8727,0.2327
214,33.8951,0.9086,0.1696
215,35.5414,0.9198,0.2421
216,32.2765,0.8693,0.2505
217,33.1377,0.8960,0.2123
218,33.2158,0.8938,0.1944
219,33.6877,0.8997,0.2549
220,33.1927,0.8886,0.1935
221,34.6124,0.9350,0.2425
222,32.9282,0.5968,0.1320
223,35.8347,0.9494,0.2148
224,36.1044,0.9584,0.2025
225,33.5712,0.9103,0.1741
226,32.2052,0.8625,0.2112
227,33.9860,0.9172,0.2462
228,34.0379,0.9195,0.1948
229,32.6385,0.8943,0.2197
230,32.0848,0.8738,0.2039
231,33.4197,0.9006,0.2270
232,32.7007,0.8949,0.2493
233,33.1762,0.8845,0.2526
234,32.7655,0.8495,0.1911
235,33.7025,0.9000,0.2398
236,33.7658,0.9165,0.2259
237,32.7579,0.8950,0.2178
238,33.0009,0.9040,0.2273
239,32.6996,0.8390,0.1968
240,33.8872,0.9031,0.2046
241,33.1261,0.8937,0.1701
242,33.2873,0.9058,0.2136
243,33.4101,0.9030,0.2490
244,33.5512,0.8798,0.1818
245,32.5357,0.7681,0.1738
246,32.9601,0.8826,0.2879
247,33.4541,0.9086,0.2683
248,33.1040,0.8868,0.2532
249,33.2852,0.8935,0.2176
250,32.6990,0.8870,0.2587
251,31.7350,0.8701,0.2084
252,34.1930,0.9191,0.2119
253,32.9736,0.9099,0.1975
254,33.4073,0.8662,0.1834
255,33.9801,0.9149,0.2228
256,32.9854,0.9079,0.2312
257,32.6114,0.8258,0.1833
258,36.9072,0.9617,0.1812
259,33.7313,0.8930,0.1802
260,33.7069,0.9040,0.2652
261,32.7594,0.7983,0.1911
262,32.1569,0.8635,0.2474
263,34.2244,0.8363,0.1464
264,32.0862,0.8686,0.2848
265,34.0672,0.9258,0.2162
266,33.9294,0.9142,0.2279
267,33.4816,0.9080,0.1924
268,32.9925,0.8859,0.2026
269,33.2848,0.8750,0.2047
270,33.1467,0.9031,0.1706
271,33.2846,0.8961,0.2294
272,34.1816,0.9041,0.2500
273,33.9862,0.9267,0.2171
274,33.0022,0.8840,0.2076
275,32.9664,0.8825,0.1833
276,32.6341,0.8790,0.2081
277,34.0896,0.9028,0.1758
278,34.6607,0.9282,0.1983
279,33.2711,0.9105,0.1976
280,33.1170,0.8912,0.2492
281,32.7064,0.8896,0.2427
282,34.6618,0.9137,0.2859
283,33.1572,0.8186,0.1653
284,32.5958,0.8875,0.1779
285,32.4354,0.8941,0.2434
286,32.1577,0.8376,0.2128
287,34.7072,0.9021,0.2849
288,33.1883,0.9072,0.1888
289,34.2662,0.9223,0.2318
290,32.3604,0.8564,0.1783
291,32.4191,0.8745,0.2159
292,33.6870,0.9084,0.2606
293,33.5256,0.9037,0.2520
294,33.4699,0.9054,0.2097
295,37.6303,0.9708,0.1814
296,33.7987,0.9137,0.2225
297,30.7350,0.8325,0.2408
298,32.4122,0.8850,0.1819
299,35.6258,0.9424,0.2956
300,34.5580,0.9366,0.2316
301,34.2703,0.9044,0.2453
302,34.4882,0.9184,0.2636
303,34.4493,0.8555,0.1622
304,32.7495,0.8640,0.1986
305,33.4589,0.9044,0.2359
306,33.0973,0.8889,0.2496
307,34.5920,0.9230,0.2524
308,31.8510,0.8563,0.1701
309,31.9626,0.6790,0.1652
310,32.3947,0.8792,0.2155
311,34.2896,0.9223,0.1676
312,37.5215,0.9696,0.2319
313,32.3716,0.8677,0.1845
314,32.8177,0.8626,0.2019
315,33.5280,0.9108,0.1722
316,32.4867,0.8876,0.1966
317,32.4230,0.8272,0.2107
318,35.3123,0.9494,0.2215
319,33.4762,0.8917,0.2218
320,33.4282,0.9082,0.2167
321,33.9599,0.9205,0.2069
322,33.7059,0.9104,0.2383
323,32.5991,0.8854,0.2184
324,33.0250,0.8896,0.2285
325,32.7459,0.8882,0.2075
326,33.7810,0.9040,0.1812
327,34.1496,0.9388,0.1399
328,32.9066,0.8721,0.1855
329,33.6698,0.9117,0.2198
330,33.9940,0.9037,0.1880
331,32.6083,0.8369,0.1883
332,32.9564,0.9005,0.2515
333,33.3901,0.9086,0.2712
334,33.0849,0.8888,0.1925
335,32.8353,0.8664,0.1827
336,35.2433,0.9411,0.2135
337,34.2848,0.9378,0.2092
338,34.4408,0.9259,0.2213
339,32.8542,0.8744,0.2304
340,33.1509,0.8953,0.2222
341,34.3811,0.9179,0.2519
342,32.4842,0.8679,0.1952
343,32.0471,0.8774,0.2044
344,35.6769,0.9395,0.2323
345,32.8792,0.9009,0.2339
346,31.6186,0.8441,0.2194
347,32.0875,0.8502,0.2102
348,32.9590,0.8900,0.2402
349,32.4661,0.8405,0.1896
350,33.9297,0.8581,0.1455
351,33.7807,0.9057,0.2080
352,32.4504,0.8783,0.2244
353,35.4602,0.9179,0.2944
354,32.7285,0.8853,0.1954
355,33.3114,0.8870,0.1845
356,33.3808,0.8930,0.1919
357,33.7741,0.9071,0.2166
358,35.2040,0.9155,0.1953
359,33.3409,0.9130,0.2015
360,34.9288,0.9363,0.2291
361,33.7464,0.9018,0.1777
362,32.3135,0.8879,0.2114
363,33.2728,0.9124,0.2301
364,32.1886,0.8773,0.2105
365,33.3792,0.8937,0.1871
366,32.7547,0.8770,0.2365
367,33.9921,0.9129,0.2375
368,32.3280,0.8778,0.2274
369,33.3919,0.8980,0.1647
370,32.3059,0.8805,0.2598
371,33.5310,0.8817,0.2030
372,32.8152,0.8651,0.2207
373,33.1896,0.8828,0.2173
374,33.4213,0.8777,0.1929
375,32.6132,0.8825,0.2110
376,32.2818,0.8696,0.2171
377,32.4497,0.8734,0.2430
378,32.9889,0.8925,0.2181
379,32.3139,0.8729,0.1999
380,32.9904,0.8939,0.2187
381,32.9185,0.8844,0.2207
382,33.6223,0.8974,0.1835
383,34.6637,0.9204,0.2042
384,34.6882,0.9254,0.2432
385,34.0316,0.9138,0.2272
386,33.2469,0.8999,0.2334
387,33.0568,0.8547,0.1907
388,31.7884,0.8167,0.2037
389,32.8766,0.7938,0.1825
390,33.1565,0.9078,0.2247
391,32.6336,0.8943,0.2028
392,33.9364,0.8908,0.1819
393,33.6180,0.9101,0.2094
394,32.7413,0.8874,0.2284
395,32.7196,0.8713,0.2268
396,32.9883,0.8959,0.2199
397,32.8991,0.8739,0.2316
398,35.8973,0.9551,0.2375
399,33.7687,0.8913,0.1814
400,34.4385,0.8748,0.1770
401,33.0642,0.8948,0.1972
402,32.1501,0.8656,0.2825
403,34.2117,0.9165,0.2080
404,33.1029,0.8859,0.2492
405,32.7935,0.8830,0.2350
406,35.3960,0.9478,0.2655
407,35.6023,0.9507,0.1844
408,33.1289,0.8854,0.2207
409,32.5917,0.8667,0.2190
410,34.5173,0.8881,0.2896
411,33.3308,0.9203,0.1852
412,33.3627,0.8828,0.2514
413,33.1465,0.8938,0.2388
414,33.5394,0.9047,0.1562
415,33.7785,0.8596,0.1851
416,33.0078,0.9055,0.1893
417,34.1840,0.9177,0.2287
418,33.3413,0.8939,0.2484
419,33.6229,0.9017,0.2252
420,32.6566,0.8888,0.2324
421,33.4676,0.9023,0.2356
422,33.0496,0.8994,0.2664
423,33.5078,0.8747,0.2113
424,31.6152,0.8625,0.2692
425,33.0741,0.8905,0.2221
426,33.0354,0.8902,0.2547
427,33.5262,0.9071,0.1792
428,34.3009,0.9041,0.3163
429,34.8261,0.9316,0.2220
430,32.5785,0.8811,0.1930
431,32.7389,0.8818,0.2219
432,33.4374,0.9102,0.1797
433,34.8920,0.9237,0.2243
434,32.0791,0.8664,0.2235
435,32.8806,0.8916,0.2058
436,32.9514,0.8767,0.2069
437,34.1681,0.9099,0.2601
438,32.8309,0.9249,0.1392
439,33.8088,0.9105,0.1838
440,32.7099,0.8795,0.2346
441,33.2454,0.9037,0.2081
442,32.5437,0.8959,0.2455
443,33.3337,0.9009,0.2273
444,32.5189,0.8888,0.1939
445,33.1537,0.8831,0.2519
446,35.0161,0.9274,0.2532
447,32.6265,0.8684,0.2015
448,33.6079,0.8502,0.2103
449,33.8418,0.9159,0.1817
450,32.7233,0.8797,0.2609
451,31.8051,0.8399,0.2464
452,34.8368,0.9345,0.2318
453,31.4713,0.8496,0.2618
454,33.6660,0.9046,0.1741
455,32.7624,0.8808,0.1974
456,34.3560,0.9116,0.2514
457,32.7961,0.8437,0.2075
458,33.0217,0.9077,0.2178
459,34.0623,0.9219,0.2075
460,33.3464,0.9007,0.2093
461,32.9599,0.8327,0.1579
462,35.4081,0.9312,0.2932
463,33.2022,0.9031,0.2008
464,33.4662,0.8783,0.2158
465,36.2509,0.9461,0.2625
466,35.1079,0.9244,0.2390
467,34.5286,0.9175,0.2770
468,34.4527,0.9392,0.1196
469,34.2686,0.9229,0.2405
470,33.5309,0.9127,0.1682
471,32.6907,0.8809,0.2043
472,33.4208,0.9137,0.2365
473,34.5895,0.9256,0.2125
474,33.8968,0.9047,0.2852
475,33.0391,0.8928,0.1692
476,32.6450,0.8904,0.1941
477,33.3567,0.8978,0.1986
478,32.5084,0.8876,0.2228
479,30.9297,0.8569,0.2131
480,33.4953,0.9022,0.2079
481,33.5456,0.8932,0.1646
482,33.7262,0.8984,0.2750
483,34.5261,0.9195,0.2079
484,34.8150,0.9246,0.2711
485,33.2788,0.8861,0.1903
486,33.4086,0.8927,0.2004
487,35.5871,0.9495,0.2452
488,32.8844,0.8656,0.2112
489,33.9217,0.9138,0.2292
490,33.5088,0.9060,0.2219
491,32.8401,0.8938,0.2110
492,34.2680,0.8951,0.2979
493,33.7515,0.9094,0.1981
494,33.9773,0.8715,0.1862
495,35.1888,0.9468,0.2088
496,33.6711,0.8936,0.2417
497,33.3155,0.9148,0.2128
498,33.1274,0.8908,0.2353
499,34.1335,0.9120,0.1972
500,32.3425,0.8732,0.2190
501,33.9799,0.9234,0.2365
502,33.8694,0.9122,0.1887
503,36.4142,0.9598,0.2053
504,34.4459,0.9011,0.2854
505,32.4746,0.8635,0.2044
506,34.2853,0.8977,0.3163
507,32.9227,0.9026,0.2236
508,33.0843,0.8866,0.2465
509,35.4926,0.9197,0.2918
510,32.9152,0.8949,0.2191
511,33.2296,0.9075,0.2028
512,33.6175,0.9020,0.2192
513,33.7694,0.8907,0.2199
514,30.8028,0.8289,0.2680
515,33.2570,0.8970,0.1940
516,34.0515,0.9167,0.2548
517,33.6994,0.9235,0.1780
518,32.2533,0.8842,0.1972
519,34.1273,0.9269,0.2596
520,32.9600,0.8955,0.1811
521,34.3016,0.9078,0.2536
522,33.2074,0.8993,0.2318
523,35.5862,0.9246,0.2717
524,34.7051,0.8814,0.2870
525,33.2513,0.8619,0.1921
526,32.0680,0.8767,0.2388
527,32.2365,0.8655,0.2302
528,32.9713,0.8763,0.1809
529,32.8886,0.8895,0.2346
530,34.1765,0.8726,0.3018
531,34.5626,0.9111,0.2721
532,32.5947,0.8277,0.1981
533,34.0281,0.9125,0.2146
534,31.8171,0.8247,0.2150
535,33.0178,0.8962,0.1823
536,34.6334,0.9124,0.2652
537,34.5689,0.9332,0.2304
538,33.7490,0.9046,0.1916
539,32.6062,0.8659,0.2144
540,35.2701,0.9519,0.2651
541,32.6343,0.8785,0.2162
542,32.6798,0.8834,0.2065
543,34.7368,0.9178,0.2850
544,33.8350,0.9221,0.2224
545,34.1376,0.9021,0.2797
546,34.9850,0.9394,0.2289
547,33.5178,0.8912,0.2627
548,33.7085,0.8851,0.1809
549,33.0905,0.8958,0.2410
550,32.9469,0.8531,0.1882
551,32.2495,0.8662,0.2054
552,33.0816,0.8862,0.2637
553,32.3649,0.8822,0.1995
554,32.5158,0.8939,0.1859
555,34.6695,0.9360,0.2199
556,33.1534,0.8505,0.1734
557,33.3941,0.9111,0.2577
558,32.2669,0.8909,0.1903
559,31.4204,0.8565,0.2422
560,36.0492,0.9480,0.2153
561,32.2173,0.8754,0.2357
562,35.4143,0.9493,0.2063
563,32.6325,0.8796,0.1944
564,33.2608,0.9023,0.2095
565,33.7096,0.9028,0.2781
566,34.7531,0.9138,0.2079
567,32.2602,0.8676,0.2087
568,33.9273,0.9163,0.2123
569,35.2914,0.8989,0.2651
570,32.9608,0.8270,0.2081
571,33.0877,0.8954,0.2362
572,34.1680,0.9127,0.1863
573,34.0568,0.9058,0.2950
574,32.8709,0.8851,0.1892
575,33.8725,0.9084,0.2319
576,33.1536,0.8959,0.2190
577,32.2216,0.8483,0.2071
578,32.8710,0.8641,0.2092
579,32.7591,0.8708,0.1910
580,34.7653,0.9261,0.2463
581,32.2294,0.8302,0.1946
582,32.9311,0.8875,0.2438
583,32.0311,0.7524,0.2209
584,34.1878,0.8923,0.2576
585,32.6739,0.8691,0.1858
586,32.8160,0.8424,0.2009
587,33.9608,0.9081,0.2058
588,32.3734,0.8882,0.2358
589,33.9328,0.9085,0.2062
590,33.2833,0.8845,0.2315
591,32.7518,0.8568,0.1932
592,33.3138,0.8891,0.2386
593,33.0195,0.8902,0.2183
594,33.2815,0.8848,0.1774
595,32.6352,0.8727,0.1974
596,33.1091,0.8372,0.1968
597,32.3783,0.8776,0.2291
598,32.6251,0.8966,0.2022
599,33.7037,0.9101,0.1814
600,33.4558,0.8928,0.2458
601,33.5771,0.9051,0.2252
602,32.7453,0.8961,0.2102
603,32.9297,0.8869,0.2192
604,33.0105,0.8813,0.1921
605,33.4828,0.8938,0.1871
606,34.4240,0.8740,0.1530
607,33.6857,0.9048,0.2182
608,33.4809,0.8871,0.2852
609,33.7621,0.9150,0.2097
610,32.5260,0.8513,0.1857
611,32.4611,0.8336,0.1747
612,31.3257,0.8571,0.2611
613,33.7238,0.9071,0.2095
614,32.2450,0.8561,0.2293
615,32.8829,0.8974,0.1842
616,35.6734,0.9433,0.2042
617,33.3144,0.8915,0.2351
618,34.3389,0.9161,0.2217
619,33.1143,0.8811,0.2667
620,32.6771,0.8986,0.1984
621,32.7233,0.8929,0.2292
622,35.1984,0.9418,0.2900
623,34.0732,0.9112,0.2280
624,32.6740,0.8833,0.2867
625,33.3548,0.9006,0.2409
626,34.3969,0.9195,0.2380
627,30.3052,0.8110,0.2066
628,33.0005,0.8989,0.2164
629,33.4904,0.9075,0.1903
630,33.6482,0.8941,0.2092
631,33.3127,0.9018,0.2313
632,32.6099,0.7916,0.2058
633,31.9915,0.8733,0.2085
634,33.0052,0.8958,0.2263
635,32.3457,0.8777,0.2246
636,35.0467,0.9134,0.2981
637,33.7006,0.9183,0.2292
638,33.5250,0.9184,0.2502
639,34.3242,0.9147,0.2404
640,31.2458,0.8424,0.2353
641,33.9865,0.9217,0.2379
642,33.2407,0.9073,0.2039
643,32.9966,0.8465,0.1830
644,36.5046,0.9495,0.2779
645,33.0925,0.9012,0.2196
646,33.9690,0.9119,0.2092
647,33.3118,0.8956,0.2042
648,33.8322,0.9041,0.1911
649,33.4519,0.9055,0.1878
650,33.1259,0.8910,0.2427
651,33.8012,0.9176,0.2623
652,33.0808,0.8964,0.2154
653,33.0161,0.8812,0.1831
654,34.0252,0.9113,0.2315
655,32.4327,0.8769,0.2224
656,33.5029,0.9070,0.2117
657,32.4718,0.8727,0.2403
658,33.3741,0.9085,0.1931
659,34.2656,0.9123,0.2030
660,33.4186,0.9013,0.1893
661,32.9377,0.8911,0.2047
662,34.8181,0.9094,0.2207
663,34.1547,0.8996,0.1912
664,33.9639,0.9161,0.2051
665,32.5379,0.8872,0.2115
666,34.2476,0.9082,0.2482
667,32.4817,0.8690,0.2199
668,33.2593,0.8971,0.1745
669,34.1527,0.9206,0.1841
670,31.9879,0.8711,0.2464
671,32.5812,0.8955,0.2318
672,32.8032,0.8862,0.2514
673,34.4804,0.9129,0.2191
674,33.8301,0.9075,0.2757
675,32.4675,0.8633,0.2502
676,35.5649,0.9363,0.2304
677,32.5985,0.8600,0.1728
678,34.0063,0.8915,0.2090
679,33.5906,0.9085,0.2279
680,32.2187,0.8708,0.2345
681,33.5302,0.8965,0.2311
682,34.2086,0.9078,0.1997
683,33.4880,0.9079,0.1926
684,33.4901,0.9103,0.1958
685,33.4765,0.9046,0.1974
686,34.2533,0.9173,0.2021
687,32.8166,0.8960,0.2002
688,33.1356,0.8986,0.2268
689,32.3936,0.8433,0.1656
690,33.5489,0.9041,0.1857
691,35.7529,0.9543,0.2086
692,35.4510,0.9238,0.2955
693,31.7438,0.8537,0.2534
694,33.0295,0.9043,0.1691
695,32.9969,0.8890,0.2600
696,33.0727,0.8523,0.1989
697,33.7587,0.8911,0.2034
698,33.4260,0.8950,0.2383
699,33.4614,0.9046,0.2337
700,32.4366,0.7319,0.1829
701,31.9458,0.8767,0.1802
702,32.9052,0.8972,0.1992
703,33.6725,0.9146,0.2229
704,35.7985,0.9466,0.2313
705,33.6917,0.9055,0.2387
706,32.9380,0.8845,0.1818
707,34.7955,0.9296,0.2109
708,32.8732,0.8826,0.2572
709,33.2585,0.9110,0.2017
710,33.1851,0.8976,0.2285
711,33.5670,0.9118,0.1989
712,33.7997,0.9147,0.1892
713,34.4532,0.9121,0.2992
714,33.7334,0.8933,0.2669
715,33.6540,0.9046,0.2183
716,33.4836,0.9029,0.1721
717,33.3125,0.8802,0.1987
718,33.9630,0.9119,0.2330
719,33.4315,0.8736,0.2073
720,32.7961,0.8413,0.2348
721,32.6302,0.8617,0.2038
722,35.2044,0.9004,0.2893
723,32.3179,0.8765,0.2398
724,33.0850,0.8973,0.2892
725,33.3030,0.8935,0.2104
726,32.7483,0.8658,0.2232
727,33.1567,0.8979,0.2138
728,33.5561,0.9065,0.2322
729,31.3095,0.7721,0.1902
730,33.3541,0.8853,0.1872
731,33.2116,0.8623,0.1971
732,33.8023,0.9087,0.2039
733,34.2896,0.9246,0.1750
734,32.1706,0.8621,0.2616
735,34.5629,0.9287,0.2548
736,33.9822,0.9108,0.2174
737,32.6269,0.8840,0.2244
738,31.7934,0.8581,0.2596
739,32.9092,0.8949,0.2161
740,33.1874,0.9049,0.2164
741,34.4151,0.9066,0.3145
742,33.5463,0.9127,0.1752
743,33.0281,0.8982,0.2104
744,34.2019,0.9218,0.2209
745,32.2632,0.8794,0.2131
746,33.6087,0.9149,0.2110
747,32.7702,0.8970,0.2120
748,32.8391,0.8940,0.2172
749,35.2080,0.9365,0.2148
750,32.5423,0.8830,0.1866
751,33.3666,0.8923,0.2001
752,32.4285,0.8787,0.2489
753,32.1982,0.8322,0.2195
754,34.1173,0.9014,0.2120
755,33.2007,0.8886,0.2050
756,32.8524,0.8529,0.1935
757,33.3522,0.9210,0.1765
758,35.7676,0.9503,0.2076
759,32.6467,0.8840,0.2445
760,33.1301,0.8884,0.2796
761,32.8104,0.8926,0.2410
762,32.5453,0.8839,0.2716
763,34.7273,0.9083,0.3054
764,34.0186,0.9155,0.2152
765,33.4814,0.9087,0.2572
766,32.5713,0.8807,0.2092
767,33.3188,0.7666,0.1404
768,33.0448,0.8970,0.2152
769,32.2528,0.8812,0.2317
770,33.3025,0.9114,0.2141
771,33.3332,0.9035,0.1944
772,32.3589,0.8725,0.2484
773,33.3948,0.9013,0.2262
774,32.3426,0.7868,0.2045
775,33.8368,0.9078,0.2454
776,33.5413,0.9144,0.1919
777,32.6570,0.8847,0.1996
778,33.9148,0.8767,0.3088
779,32.5504,0.7679,0.1995
780,32.5844,0.8829,0.2676
781,33.2265,0.8907,0.1894
782,33.5706,0.9036,0.2123
783,33.6268,0.8844,0.2109
784,33.0309,0.8926,0.1847
785,35.2482,0.9278,0.2636
786,32.9878,0.8850,0.2535
787,34.2191,0.9425,0.1742
788,33.4792,0.8942,0.2083
789,33.1342,0.8898,0.2195
790,33.0192,0.8974,0.1702
791,33.6398,0.8966,0.1946
792,35.6773,0.9441,0.2217
793,33.3913,0.8940,0.2298
794,34.4663,0.9357,0.2502
795,32.5819,0.8713,0.1865
796,32.8341,0.8780,0.2168
797,32.8983,0.8821,0.1922
798,33.8745,0.9057,0.2617
799,32.7668,0.8988,0.1696
800,32.7470,0.8814,0.1976
801,33.4410,0.8893,0.2193
802,33.0923,0.8880,0.2229
803,34.7836,0.9264,0.1917
804,33.2519,0.8950,0.2274
805,31.5158,0.8624,0.2341
806,32.5421,0.8691,0.2094
807,33.2654,0.8403,0.1812
808,32.9999,0.8874,0.2324
809,33.7122,0.9125,0.2072
810,32.4202,0.8792,0.2337
811,32.8259,0.8586,0.2125
812,32.2188,0.8713,0.2163
813,32.8022,0.8797,0.2619
814,33.2330,0.8872,0.2543
815,32.1835,0.7732,0.1323
816,33.0367,0.8936,0.2211
817,32.8090,0.8590,0.1849
818,32.7920,0.8936,0.2326
819,33.1113,0.8754,0.3074
820,32.4333,0.8838,0.2111
821,34.3812,0.9315,0.1922
822,33.3100,0.9025,0.2166
823,33.1599,0.8988,0.2334
824,32.6934,0.8792,0.2133
825,34.5734,0.9415,0.2402
826,32.1663,0.8698,0.2712
827,33.7464,0.9107,0.2226
828,32.4309,0.8915,0.2178
829,32.7343,0.8780,0.2650
830,33.9889,0.9260,0.2058
831,34.3541,0.9062,0.1965
832,32.5740,0.8731,0.1938
833,33.2320,0.8980,0.2270
834,33.2937,0.8932,0.2027
835,32.7785,0.8492,0.2310
836,33.3222,0.9008,0.2245
837,33.6164,0.8977,0.1963
838,32.4947,0.8986,0.2269
839,32.7772,0.8568,0.2146
840,33.6172,0.8994,0.2580
841,32.9171,0.8865,0.2273
842,33.0365,0.8819,0.1953
843,34.9026,0.9098,0.2904
844,34.6822,0.9179,0.2177
845,32.9672,0.8752,0.1610
846,33.4818,0.8883,0.2278
847,31.9996,0.8703,0.1957
848,32.8984,0.8869,0.2227
849,33.4837,0.8969,0.2319
850,33.2006,0.8795,0.2142
851,33.0520,0.8709,0.1859
852,33.0789,0.8779,0.1923
853,32.4625,0.8875,0.1926
854,33.7547,0.9189,0.2658
855,33.3434,0.8860,0.2206
856,32.9504,0.9034,0.2246
857,32.3706,0.8671,0.2358
858,32.7765,0.8889,0.2174
859,32.2234,0.8944,0.2018
860,33.7460,0.9036,0.2382
861,33.8653,0.9138,0.2109
862,34.3683,0.9216,0.2176
863,33.5050,0.9056,0.1882
864,33.8706,0.9178,0.2336
865,33.0788,0.9122,0.1812
866,35.1253,0.9370,0.2325
867,32.6816,0.8027,0.1912
868,37.4309,0.9702,0.2661
869,36.8371,0.9653,0.2224
870,32.7977,0.8769,0.2568
871,34.5785,0.9303,0.2483
872,33.3000,0.9067,0.1630
873,32.6749,0.8847,0.1967
874,32.6326,0.8471,0.1843
875,35.6758,0.9369,0.2456
876,38.1429,0.9779,0.2471
877,34.0362,0.9197,0.2368
878,33.0150,0.9008,0.1618
879,32.5677,0.8689,0.2166
880,33.4597,0.9014,0.1933
881,33.2269,0.8331,0.1658
882,35.4257,0.9553,0.2422
883,34.2559,0.9130,0.3026
884,32.5800,0.7536,0.1480
885,32.4022,0.8745,0.2190
886,33.3092,0.9014,0.1746
887,32.8016,0.8678,0.1904
888,33.2647,0.8995,0.1994
889,32.3948,0.8517,0.2078
890,33.0841,0.8534,0.2477
891,32.9794,0.8904,0.2278
892,32.2348,0.8430,0.2230
893,33.1968,0.9032,0.2017
894,34.5677,0.8867,0.2864
895,32.6606,0.8085,0.1973
896,31.2419,0.8526,0.2206
897,33.4611,0.8895,0.2622
898,34.3365,0.9132,0.2477
899,33.1407,0.9023,0.2282
900,33.2186,0.8998,0.1767
901,32.3154,0.8489,0.2124
902,32.7671,0.8870,0.1949
903,32.7321,0.8763,0.2015
904,32.9495,0.8948,0.1710
905,33.7335,0.9194,0.1924
906,32.8862,0.8606,0.2251
907,34.4750,0.9293,0.2085
908,33.4142,0.8999,0.2137
909,34.3056,0.9108,0.1790
910,32.3302,0.8205,0.2045
911,33.2297,0.8581,0.1949
912,36.2809,0.9624,0.2032
913,34.1026,0.8762,0.1900
914,32.7112,0.9056,0.2493
915,33.2071,0.8223,0.1829
916,34.1277,0.9059,0.2625
917,35.4370,0.9254,0.3161
918,33.5218,0.9097,0.2221
919,32.0009,0.7808,0.1879
920,33.8174,0.9114,0.2175
921,32.5593,0.8715,0.1898
922,33.5680,0.8996,0.1726
923,35.1999,0.9211,0.3295
924,33.6786,0.9056,0.1923
925,33.5573,0.9024,0.2038
926,32.9454,0.8799,0.2320
927,32.0146,0.8605,0.2296
928,33.9614,0.9134,0.2085
929,34.2809,0.9118,0.2096
930,32.8820,0.8907,0.2179
931,33.3371,0.9054,0.1953
932,33.0035,0.8890,0.2499
933,35.0070,0.9359,0.2280
934,32.5042,0.8828,0.2379
935,33.5639,0.8918,0.2013
936,34.9335,0.8740,0.1777
937,32.9921,0.8816,0.2534
938,33.0955,0.8784,0.1947
939,32.2811,0.8718,0.2301
940,34.0290,0.9214,0.2130
941,33.1970,0.9074,0.2025
942,32.5338,0.8721,0.2607
943,33.3982,0.9047,0.2233
944,32.8321,0.8767,0.2023
945,33.1020,0.8578,0.1943
946,32.2361,0.8701,0.2890
947,32.7299,0.8954,0.2171
948,33.5858,0.9186,0.1709
949,30.9949,0.8661,0.2271
950,33.6399,0.9073,0.2118
951,33.4212,0.9018,0.1834
952,33.4369,0.8980,0.1690
953,33.5932,0.8865,0.2474
954,33.4083,0.8775,0.1896
955,36.2484,0.9648,0.2843
956,33.0590,0.8743,0.2640
957,32.8688,0.8627,0.1706
958,34.5121,0.9231,0.2347
959,33.4321,0.9003,0.2568
960,33.3139,0.9041,0.1681
961,32.7974,0.8797,0.2599
962,34.6298,0.9231,0.2091
963,33.5965,0.9062,0.1944
964,31.6044,0.8608,0.2632
965,31.6927,0.8516,0.2498
966,32.8930,0.8538,0.1757
967,33.5906,0.9071,0.2275
968,33.3208,0.8872,0.2594
969,31.7443,0.8521,0.2316
970,34.3577,0.9177,0.2183
971,33.7686,0.8784,0.2494
972,32.8751,0.8797,0.2587
973,32.3994,0.8916,0.1911
974,34.6829,0.9324,0.1966
975,33.9447,0.9210,0.2381
976,35.6037,0.9439,0.2189
977,32.9634,0.8936,0.2252
978,34.8375,0.9297,0.1993
979,33.1311,0.8708,0.1948
980,33.1562,0.9012,0.2106
981,31.1834,0.8262,0.2708
982,34.8293,0.9295,0.2521
983,32.8099,0.8841,0.2055
984,32.6955,0.8893,0.2098
985,33.3439,0.8910,0.2591
986,34.2201,0.8840,0.2004
987,31.8765,0.8663,0.2011
988,33.3991,0.9054,0.2430
989,32.5719,0.8913,0.1926
990,32.8062,0.8673,0.2512
991,32.6838,0.8832,0.2886
992,32.5823,0.8908,0.1943
993,33.3643,0.9075,0.2687
994,32.8694,0.8819,0.2545
995,34.6934,0.8666,0.2899
996,32.9892,0.8871,0.2797
997,34.0739,0.9135,0.2390
998,34.8882,0.9342,0.1771
999,32.3645,0.8804,0.2172
1000,34.0864,0.9102,0.2107
1001,33.4718,0.8984,0.2543
1002,32.8355,0.8764,0.1839
1003,33.0645,0.8732,0.2081
1004,33.1513,0.8336,0.1580
1005,32.9569,0.8920,0.2212
1006,32.2451,0.8840,0.2533
1007,32.5667,0.9023,0.2070
1008,35.5831,0.9254,0.3051
1009,34.8548,0.9217,0.2437
1010,32.7695,0.8841,0.2165
1011,32.7589,0.8468,0.2022
1012,33.6057,0.9138,0.2249
1013,32.8373,0.8906,0.2222
1014,32.2808,0.8761,0.2127
1015,33.3830,0.8949,0.2367
1016,33.5695,0.9001,0.2645
1017,33.4536,0.9008,0.2263
1018,32.6701,0.8812,0.2335
1019,35.0424,0.8958,0.2917
1020,32.3772,0.8833,0.2311
1021,33.7303,0.9040,0.1986
1022,33.9955,0.9271,0.1752
1023,35.2370,0.9173,0.3080
1024,32.3711,0.8802,0.1971
1025,35.1741,0.9097,0.2947
1026,35.2169,0.9548,0.2667
1027,33.3108,0.9013,0.1823
1028,33.7434,0.9205,0.2114
1029,35.8687,0.9504,0.2299
1030,31.8894,0.9282,0.1333
1031,34.2599,0.9161,0.2646
1032,33.8362,0.8996,0.2481
1033,35.9507,0.9517,0.2249
1034,33.9284,0.9170,0.2509
1035,31.4984,0.7526,0.1552
1036,32.4858,0.8078,0.2017
1037,34.6071,0.9495,0.1905
1038,34.0123,0.9094,0.1707
1039,33.2308,0.8949,0.2111
1040,33.8487,0.9110,0.1870
1041,32.6485,0.8849,0.2294
1042,32.3752,0.8308,0.1947
1043,34.1805,0.9121,0.2660
1044,34.0651,0.9198,0.1862
1045,32.6108,0.8954,0.2106
1046,33.6465,0.9217,0.1851
1047,31.1527,0.8443,0.2093
1048,36.3715,0.9554,0.2569
1049,34.2081,0.9334,0.2031
1050,33.8582,0.9079,0.2413
1051,33.3270,0.8709,0.2073
1052,32.7189,0.8881,0.2515
1053,32.7160,0.8552,0.1852
1054,33.8706,0.9104,0.2165
1055,35.3062,0.9414,0.2530
1056,33.1457,0.9006,0.2212
1057,35.4711,0.9495,0.2189
1058,33.5643,0.9026,0.2066
1059,34.9439,0.8977,0.1698
1060,34.9150,0.9249,0.2153
1061,33.1966,0.8835,0.1891
1062,34.7779,0.9404,0.2027
1063,33.3993,0.9128,0.1978
1064,32.9885,0.8998,0.1992
1065,32.3611,0.8813,0.2545
1066,32.9740,0.8987,0.2040
1067,33.0464,0.9067,0.1847
1068,33.6345,0.9185,0.1891
1069,32.4055,0.8003,0.2002
1070,35.0553,0.9213,0.2853
1071,33.2722,0.8971,0.1860
1072,34.2249,0.9207,0.2026
1073,33.2613,0.8884,0.2013
1074,34.2210,0.9239,0.1644
1075,32.8288,0.8866,0.2279
1076,33.9836,0.8984,0.1737
1077,34.3497,0.9184,0.2128
1078,35.2478,0.9307,0.2815
1079,34.0007,0.9138,0.2585
1080,33.5726,0.9068,0.2106
1081,33.0370,0.8995,0.2063
1082,33.5342,0.9050,0.2713
1083,31.1894,0.8419,0.2111
1084,34.7622,0.9275,0.2121
1085,32.5526,0.8694,0.1850
1086,33.1982,0.8946,0.1911
1087,34.6322,0.9308,0.2459
1088,31.9108,0.8894,0.2350
1089,33.1579,0.8962,0.2419
1090,32.7635,0.8942,0.2315
1091,31.9788,0.8591,0.2729
1092,32.9812,0.8825,0.2621
1093,33.4522,0.8949,0.2419
1094,34.8991,0.9124,0.3149
1095,33.2777,0.9012,0.2031
1096,32.5125,0.8836,0.2225
1097,33.1464,0.9025,0.2350
1098,35.0153,0.9355,0.2660
1099,32.8193,0.8523,0.1850
1100,32.6596,0.8799,0.1971
1101,32.3048,0.8727,0.2388
1102,32.6764,0.8801,0.2438
1103,33.5115,0.8995,0.2350
1104,38.0088,0.9763,0.2077
1105,31.4802,0.8587,0.1851
1106,32.8997,0.8882,0.1915
1107,34.5990,0.9251,0.2300
1108,33.6476,0.8999,0.1935
1109,34.0020,0.9187,0.2039
1110,34.5818,0.8849,0.2867
1111,33.6143,0.8888,0.2582
1112,33.3984,0.8989,0.2593
1113,32.9337,0.8766,0.2089
1114,34.3812,0.9005,0.3223
1115,33.2214,0.8905,0.2294
1116,33.4922,0.9026,0.2427
1117,32.1669,0.8540,0.2778
1118,32.4063,0.8727,0.2342
1119,35.1389,0.8834,0.3133
1120,32.9529,0.9030,0.2149
1121,32.4839,0.8941,0.2068
1122,34.3919,0.9238,0.2150
1123,32.3280,0.8825,0.1964
1124,31.8981,0.8658,0.1855
1125,33.7714,0.9110,0.1974
1126,32.4326,0.8878,0.2221
1127,33.1970,0.9026,0.1765
1128,34.8088,0.8912,0.1649
1129,33.0900,0.8950,0.1988
1130,33.7657,0.9305,0.2325
1131,33.8808,0.9349,0.2164
1132,34.9955,0.9250,0.2001
1133,34.2088,0.9285,0.2635
1134,32.7235,0.8913,0.1842
1135,31.7882,0.8724,0.2499
1136,34.7907,0.9319,0.2138
1137,33.4382,0.9385,0.1728
1138,33.5009,0.8866,0.1852
1139,32.9971,0.8765,0.2126
1140,33.0881,0.8994,0.1999
1141,33.4365,0.9096,0.1826
1142,33.6414,0.9120,0.2063
1143,33.1684,0.8791,0.1680
1144,33.5733,0.9058,0.2196
1145,33.1386,0.8915,0.2289
1146,33.5804,0.9083,0.2291
1147,33.0989,0.8982,0.2376
1148,34.7789,0.9198,0.2016
1149,34.3571,0.8853,0.1757
1150,32.6289,0.8871,0.2338
1151,34.1845,0.9026,0.2238
1152,32.8591,0.8898,0.2152
1153,33.0769,0.8888,0.2398
1154,33.7022,0.8794,0.1755
1155,31.1151,0.8513,0.2170
1156,33.7112,0.9345,0.2242
1157,32.7758,0.8732,0.2845
1158,34.1693,0.9276,0.2560
1159,32.2714,0.8766,0.1978
1160,32.1092,0.8094,0.1938
1161,32.9125,0.8887,0.2152
1162,34.0677,0.9112,0.2499
1163,33.0481,0.8913,0.2299
1164,32.7493,0.8867,0.2206
1165,34.4612,0.9139,0.2141
1166,33.4618,0.8997,0.2102
1167,33.6805,0.9059,0.2096
1168,33.3474,0.8624,0.1769
1169,33.1569,0.8992,0.2295
1170,33.8918,0.9041,0.2056
1171,34.1005,0.9151,0.2573
1172,33.5184,0.9049,0.2006
1173,33.8175,0.9277,0.2058
1174,34.2759,0.9259,0.1764
1175,33.6599,0.9028,0.2111
1176,34.9911,0.9422,0.2235
1177,33.7641,0.9133,0.1882
1178,34.1521,0.8577,0.1474
1179,33.6244,0.9071,0.2027
1180,32.9501,0.8883,0.2041
1181,33.1190,0.8903,0.2509
1182,34.3261,0.9286,0.1984
1183,35.0110,0.9278,0.2745
1184,32.7639,0.8914,0.2175
1185,32.4003,0.9007,0.2131
1186,33.7075,0.9115,0.2283
1187,33.4771,0.8962,0.2192
1188,32.4130,0.8552,0.2151
1189,32.7744,0.8791,0.2104
1190,31.2268,0.8393,0.2598
1191,35.3321,0.9414,0.1656
1192,32.4321,0.8149,0.1789
1193,32.9146,0.8906,0.2406
1194,34.6231,0.9130,0.2365
1195,33.4157,0.8475,0.1927
1196,33.5263,0.8828,0.1800
1197,33.7922,0.7178,0.1349
1198,34.4464,0.8947,0.2151
1199,32.5643,0.8042,0.2414
1200,33.3062,0.9030,0.1995
1201,33.3317,0.9196,0.2032
1202,33.3349,0.9116,0.1981
1203,33.0387,0.8925,0.2159
1204,32.5038,0.8790,0.1940
1205,32.7640,0.8803,0.1990
1206,32.6968,0.8987,0.1980
1207,33.3292,0.8988,0.2026
1208,33.1997,0.9098,0.1645
1209,34.4415,0.8963,0.2325
1210,34.6465,0.9164,0.2489
1211,33.2671,0.8762,0.1838
1212,33.2532,0.8083,0.1240
1213,33.3591,0.8927,0.1981
1214,32.1916,0.8648,0.2361
1215,32.8428,0.8846,0.2033
1216,34.9096,0.9356,0.2570
1217,32.6522,0.8896,0.1970
1218,33.4940,0.9188,0.1836
1219,33.3752,0.9053,0.2016
1220,33.2647,0.8939,0.1815
1221,32.8067,0.8868,0.2249
1222,32.5516,0.8589,0.2324
1223,32.8912,0.9105,0.1744
1224,34.1555,0.9198,0.2372
1225,33.1602,0.8883,0.1772
1226,33.2317,0.8022,0.2054
1227,34.5322,0.9194,0.2659
1228,31.8726,0.8777,0.2009
1229,32.0510,0.8706,0.2257
1230,33.4854,0.9089,0.2529
1231,33.5627,0.8999,0.2283
1232,32.2928,0.7989,0.1697
1233,34.9322,0.8919,0.3070
1234,32.7177,0.8630,0.2037
1235,32.9227,0.8775,0.2564
1236,33.1220,0.8967,0.2236
1237,35.2748,0.9214,0.3004
1238,32.6949,0.8884,0.2380
1239,32.6047,0.8723,0.2591
1240,33.5688,0.9040,0.2383
1241,31.6736,0.8803,0.2139
1242,32.8131,0.8915,0.2171
1243,33.0792,0.8948,0.2422
1244,32.2770,0.8316,0.1742
1245,33.1925,0.8626,0.2286
1246,34.3482,0.8794,0.2229
1247,33.3042,0.8957,0.2007
1248,33.4019,0.9029,0.2497
1249,32.8890,0.8886,0.1985
1250,35.4116,0.9438,0.1707
1251,33.5893,0.8928,0.1880
1252,34.4113,0.9121,0.2735
1253,32.4069,0.8341,0.2151
1254,33.4715,0.9007,0.2003
1255,36.6628,0.9577,0.2069
1256,34.9434,0.9432,0.1826
1257,33.4231,0.8842,0.2152
1258,33.3714,0.8972,0.2369
1259,34.5865,0.9206,0.2670
1260,34.7440,0.9382,0.1917
1261,33.1484,0.8515,0.1949
1262,33.2102,0.9179,0.1689
1263,34.1327,0.9326,0.2382
1264,33.7889,0.8969,0.1847
1265,33.6642,0.9121,0.2176
1266,32.9937,0.8918,0.2086
1267,33.6277,0.9167,0.1912
1268,35.7972,0.9238,0.2710
1269,33.9690,0.9212,0.1850
1270,33.1398,0.8752,0.2078
1271,34.3051,0.8560,0.1560
1272,32.2609,0.8692,0.1884
1273,32.8123,0.8927,0.1880
1274,34.2630,0.8973,0.2820
1275,34.2536,0.9146,0.1941
1276,33.6063,0.9005,0.2149
1277,33.3575,0.8828,0.2271
1278,35.9567,0.9361,0.2686
1279,35.1699,0.9363,0.1605
1280,35.2925,0.9483,0.1978
1281,33.7979,0.8509,0.1949
1282,30.7903,0.8220,0.2270
1283,33.5637,0.9081,0.2171
1284,33.0627,0.8973,0.1887
1285,33.3782,0.9020,0.2079
1286,32.8965,0.8923,0.2313
1287,32.9796,0.8923,0.2155
1288,33.6128,0.9083,0.2070
1289,33.1128,0.8981,0.2250
1290,34.3565,0.8900,0.1875
1291,32.7031,0.8883,0.1864
1292,32.7058,0.8861,0.2461
1293,34.3582,0.8994,0.2913
1294,32.1404,0.7690,0.2124
1295,33.7347,0.9082,0.2254
1296,32.5646,0.8888,0.2337
1297,32.9339,0.8602,0.2083
1298,35.3806,0.9406,0.2121
1299,32.6987,0.8811,0.2236
1300,32.9847,0.9043,0.1929
1301,32.6679,0.8841,0.2641
1302,32.9127,0.8522,0.1907
1303,32.9339,0.8929,0.2081
1304,32.3277,0.8934,0.2395
1305,34.5952,0.9201,0.2427
1306,33.1333,0.8743,0.2163
1307,34.5278,0.9339,0.2358
1308,33.2355,0.8513,0.2079
1309,33.7309,0.8877,0.1664
1310,31.6459,0.8608,0.2087
1311,32.7488,0.8764,0.2410
1312,35.7621,0.9417,0.2054
1313,34.3019,0.9158,0.2194
1314,31.8097,0.8731,0.1890
1315,33.2241,0.9042,0.2154
1316,33.9455,0.9173,0.1861
1317,32.6411,0.8471,0.2075
1318,34.3413,0.9403,0.2528
1319,33.3643,0.9071,0.2222
1320,32.4246,0.8813,0.2339
1321,33.9934,0.9008,0.3018
1322,34.6523,0.9084,0.2267
1323,33.0833,0.9091,0.2518
1324,35.3948,0.9281,0.2924
1325,32.8120,0.8826,0.1952
1326,33.1200,0.8766,0.1950
1327,33.7341,0.9119,0.1786
1328,34.4667,0.9205,0.2230
1329,32.8424,0.8709,0.2084
1330,32.3420,0.8724,0.1962
1331,33.1031,0.8757,0.2088
1332,33.5292,0.9011,0.1933
1333,35.9058,0.9427,0.1942
1334,33.1967,0.8978,0.2274
1335,33.6529,0.9140,0.1979
1336,33.9558,0.8855,0.2018
1337,32.9101,0.8981,0.2675
1338,33.6831,0.9093,0.2164
1339,34.0314,0.9240,0.2037
1340,33.0680,0.8886,0.1567
1341,32.1140,0.8641,0.2439
1342,32.5452,0.8703,0.1954
1343,34.6157,0.9064,0.2962
1344,32.9201,0.9007,0.1789
1345,33.1470,0.8874,0.2625
1346,33.4077,0.8830,0.1964
1347,32.8354,0.8788,0.2080
1348,32.6669,0.8851,0.1948
1349,33.8852,0.9238,0.2187
1350,32.6690,0.8455,0.2123
1351,32.8638,0.8663,0.1959
1352,34.4930,0.9068,0.3156
1353,36.1910,0.9623,0.2323
1354,33.6839,0.9361,0.2297
1355,32.7978,0.8736,0.2246
1356,34.1409,0.9176,0.2966
1357,31.9183,0.8728,0.2334
1358,32.5107,0.8861,0.2147
1359,32.1728,0.8776,0.1920
1360,32.9934,0.8760,0.2548
1361,32.4913,0.8604,0.1879
1362,33.0250,0.8825,0.2461
1363,30.6620,0.8331,0.2268
1364,31.9827,0.7415,0.0971
1365,33.4051,0.9058,0.2274
1366,33.3874,0.8892,0.2061
1367,32.9835,0.8958,0.2428
1368,32.1665,0.8740,0.2646
1369,36.4317,0.9204,0.1987
1370,33.3299,0.9037,0.2443
1371,32.8594,0.8921,0.2357
1372,33.9156,0.9111,0.1910
1373,32.8540,0.8763,0.1662
1374,33.7688,0.9039,0.2581
1375,32.0261,0.8794,0.1932
1376,32.5062,0.8688,0.1848
1377,35.2518,0.9429,0.1988
1378,32.4820,0.8565,0.1970
1379,32.8672,0.8451,0.1944
1380,35.3224,0.9263,0.2720
1381,33.3568,0.9104,0.2005
1382,33.0844,0.8981,0.2297
1383,33.2881,0.9084,0.2133
1384,33.8724,0.9219,0.2425
1385,33.1168,0.8980,0.2109
1386,31.7614,0.8799,0.2266
1387,32.7540,0.8974,0.2181
1388,33.6840,0.9044,0.2383
1389,32.7732,0.8940,0.1951
1390,32.7474,0.8052,0.1879
1391,32.9839,0.8827,0.1627
1392,34.8122,0.9345,0.1571
1393,33.0600,0.9044,0.1997
1394,33.7471,0.9170,0.2227
1395,32.7731,0.8642,0.1969
1396,33.2294,0.8860,0.2183
1397,33.2125,0.8977,0.1878
1398,35.0439,0.9241,0.1932
1399,32.7614,0.8876,0.2243
1400,32.9450,0.8891,0.2475
1401,33.0155,0.8894,0.2199
1402,32.7091,0.8951,0.1967
1403,33.5965,0.9027,0.2029
1404,32.8724,0.8782,0.2093
1405,32.6078,0.8586,0.1680
1406,34.3296,0.9344,0.1951
1407,34.4483,0.8983,0.2931
1408,33.1564,0.9017,0.1989
1409,32.2171,0.8636,0.2571
1410,34.5364,0.9226,0.2480
1411,32.4060,0.8699,0.2705
1412,33.2287,0.9064,0.1872
1413,31.9303,0.8749,0.2124
1414,34.3971,0.9242,0.2621
1415,33.6197,0.9068,0.2295
1416,33.4343,0.9178,0.2227
1417,33.3334,0.8862,0.2078
1418,32.8417,0.8988,0.1955
1419,35.8096,0.9472,0.2097
1420,33.2348,0.8782,0.1956
1421,32.7210,0.8916,0.1986
1422,33.1331,0.8999,0.1871
1423,33.3162,0.9043,0.1592
1424,32.9915,0.8939,0.1781
1425,33.3836,0.8978,0.1922
1426,33.8550,0.8984,0.1668
1427,33.3899,0.9108,0.1915
1428,36.3982,0.9455,0.2195
1429,35.2633,0.9216,0.3060
1430,32.1188,0.8809,0.2456
1431,32.9838,0.8247,0.1692
1432,33.3586,0.9074,0.2245
1433,33.3255,0.8949,0.2076
1434,33.3760,0.8962,0.2226
1435,34.8727,0.9164,0.2327
1436,33.8414,0.9011,0.2527
1437,34.6679,0.9314,0.1531
1438,32.8569,0.8614,0.1986
1439,33.1354,0.8873,0.2522
1440,33.7041,0.9236,0.2120
1441,32.9438,0.8909,0.2285
1442,33.6022,0.9138,0.2068
1443,33.3128,0.9027,0.1714
1444,35.9172,0.9423,0.2531
1445,32.5287,0.8848,0.2047
1446,32.1890,0.8852,0.2498
1447,33.0992,0.8891,0.2225
1448,32.6978,0.8718,0.2339
1449,35.6373,0.9415,0.2248
1450,32.8515,0.8983,0.2006
1451,32.3673,0.8490,0.2072
1452,33.3212,0.8522,0.1934
1453,35.0046,0.9421,0.2295
1454,33.0731,0.8967,0.2176
1455,32.7802,0.8969,0.2033
1456,32.2755,0.8867,0.1960
1457,33.2209,0.8895,0.1910
1458,32.4703,0.8346,0.1988
1459,33.9034,0.9213,0.1796
1460,33.8128,0.9007,0.2053
1461,32.3490,0.8537,0.1866
1462,35.8179,0.9450,0.2136
1463,34.7727,0.9354,0.2412
1464,31.7402,0.8358,0.2316
1465,32.5954,0.8836,0.2440
1466,33.4476,0.8814,0.2091
1467,34.3794,0.8833,0.2755
1468,31.7608,0.8723,0.2115
1469,36.1714,0.9407,0.2637
1470,36.9347,0.9600,0.2160
1471,32.9745,0.9032,0.2079
1472,32.6817,0.8766,0.2052
1473,32.9047,0.8860,0.2278
1474,34.3334,0.9288,0.2097
1475,32.5171,0.8045,0.2065
1476,32.6767,0.8901,0.1910
1477,36.9070,0.9539,0.2439
1478,32.8448,0.8911,0.2317
1479,32.1444,0.8437,0.2108
1480,30.7110,0.8409,0.2794
1481,35.2508,0.9285,0.2275
1482,33.0181,0.8855,0.1984
1483,32.8651,0.8876,0.2289
1484,32.9527,0.7944,0.2071
1485,33.0699,0.8992,0.2112
1486,33.2329,0.8837,0.2431
1487,33.3711,0.8978,0.2916
1488,32.5479,0.8797,0.2475
1489,33.5072,0.9176,0.1930
1490,32.0847,0.7890,0.1522
1491,34.1294,0.9020,0.2865
1492,34.6101,0.9287,0.2294
1493,32.3113,0.8091,0.1956
1494,35.0463,0.9318,0.2254
1495,33.1595,0.8921,0.2031
1496,32.7015,0.8777,0.2077
1497,35.0703,0.9192,0.2886
1498,33.5855,0.9159,0.1755
1499,33.4285,0.8722,0.1813
1500,32.2658,0.8617,0.1788
1501,32.7898,0.7829,0.2071
1502,34.1186,0.9406,0.2371
1503,33.2564,0.8715,0.1912
1504,37.0074,0.9666,0.2612
1505,33.2266,0.9104,0.2444
1506,33.0856,0.8358,0.1751
1507,33.3180,0.8928,0.1980
1508,33.9723,0.9209,0.2026
1509,32.5939,0.8776,0.2067
1510,32.8404,0.8186,0.2150
1511,32.9042,0.8956,0.1920
1512,34.7586,0.9131,0.3111
1513,32.8866,0.8814,0.2488
1514,33.0124,0.8931,0.1928
1515,34.5200,0.8946,0.2800
1516,33.8053,0.8805,0.2276
1517,34.2344,0.8928,0.1869
1518,32.9295,0.8844,0.2411
1519,33.4519,0.8417,0.2320
1520,32.8474,0.8746,0.2239
1521,32.9695,0.8900,0.2546
1522,33.6221,0.8965,0.1969
1523,33.3070,0.8953,0.2521
1524,33.1224,0.8737,0.2019
1525,33.9167,0.8912,0.1556
1526,32.4236,0.8749,0.2079
1527,33.4918,0.8954,0.1777
1528,31.8936,0.8609,0.2517
1529,32.7272,0.8782,0.2510
1530,33.7972,0.9104,0.2386
1531,32.7672,0.8680,0.2114
1532,34.3865,0.9335,0.2272
1533,31.6917,0.8826,0.2339
1534,34.1609,0.9255,0.2183
1535,33.8921,0.8561,0.1542
1536,32.7029,0.8723,0.2109
1537,33.5768,0.9159,0.2208
1538,34.0956,0.9293,0.2269
1539,33.0496,0.8784,0.2104
1540,32.1280,0.8731,0.2024
1541,34.2473,0.9015,0.2038
1542,32.6655,0.8969,0.1962
1543,33.3147,0.9047,0.2883
1544,32.4888,0.8711,0.2245
1545,32.7707,0.9029,0.2747
1546,32.7712,0.8772,0.1758
1547,33.0189,0.9017,0.2098
1548,33.7934,0.9190,0.2128
1549,33.3889,0.8866,0.1623
1550,32.4555,0.8133,0.2001
1551,32.1860,0.8571,0.2278
1552,32.8532,0.8454,0.1893
1553,33.1484,0.8999,0.2389
1554,36.0657,0.9405,0.2451
1555,32.4076,0.8734,0.1821
1556,32.7897,0.8767,0.1972
1557,34.3341,0.9202,0.2368
1558,31.4424,0.8593,0.2433
1559,34.0097,0.9071,0.2520
1560,33.2756,0.9050,0.2147
1561,31.9114,0.7490,0.2388
1562,34.0821,0.8751,0.1891
1563,33.0276,0.8833,0.1945
1564,35.5866,0.9533,0.2085
1565,33.0625,0.8793,0.1954
1566,32.6751,0.8872,0.1851
1567,32.7805,0.8678,0.2083
1568,31.1610,0.7886,0.1754
1569,31.3145,0.8252,0.2042
1570,32.6741,0.8459,0.1819
1571,33.3674,0.9034,0.1765
1572,32.3807,0.8679,0.2528
1573,34.2025,0.9164,0.2266
1574,31.4959,0.8696,0.2611
1575,31.8278,0.8653,0.2050
1576,33.5509,0.9010,0.2244
1577,32.8429,0.7932,0.2474
1578,33.3343,0.8962,0.2091
1579,33.9639,0.9201,0.2182
1580,33.0821,0.8954,0.1922
1581,33.5872,0.9046,0.2195
1582,32.9847,0.8943,0.1797
1583,33.9473,0.8905,0.1799
1584,33.3942,0.8577,0.1476
1585,36.5431,0.9516,0.1742
1586,34.4787,0.9203,0.2155
1587,33.8029,0.9105,0.1962
1588,32.7460,0.8840,0.2087
1589,34.9480,0.9212,0.3028
1590,34.6538,0.9280,0.2121
1591,33.6805,0.9131,0.1905
1592,33.4536,0.9074,0.2235
1593,33.5505,0.8661,0.1864
1594,32.4787,0.8924,0.2400
1595,35.3001,0.9370,0.2755
1596,34.1250,0.9140,0.1761
1597,31.6134,0.8742,0.2254
1598,36.2813,0.9521,0.2073
1599,33.5895,0.9077,0.2015
1600,32.9381,0.8912,0.2323
1601,32.9332,0.8940,0.2230
1602,33.3081,0.9016,0.1972
1603,32.9938,0.8884,0.2232
1604,32.7389,0.8225,0.2487
1605,33.2839,0.9066,0.2160
1606,35.5319,0.9458,0.2374
1607,32.8401,0.8943,0.2124
1608,33.1681,0.8896,0.2226
1609,33.1965,0.9289,0.2172
1610,32.0930,0.7369,0.1958
1611,34.5117,0.8994,0.3164
1612,31.8096,0.8352,0.2272
1613,33.5998,0.9095,0.2128
1614,32.8254,0.8873,0.2231
1615,34.0791,0.9200,0.1890
1616,33.2683,0.8955,0.1886
1617,33.4019,0.9033,0.2610
1618,33.2491,0.9032,0.2439
1619,31.1332,0.8139,0.2223
1620,33.2871,0.9025,0.1846
1621,32.7575,0.8987,0.2605
1622,32.8554,0.8957,0.1768
1623,32.9953,0.8884,0.1981
1624,34.7706,0.9023,0.2382
1625,33.1818,0.8844,0.1872
1626,33.3535,0.8971,0.2275
1627,33.9226,0.9114,0.2099
1628,36.8938,0.9628,0.1957
1629,32.9665,0.8666,0.2073
1630,32.9157,0.9003,0.2426
1631,32.9871,0.8981,0.2084
1632,33.3288,0.8993,0.1630
1633,33.5330,0.8984,0.2402
1634,34.0969,0.9195,0.2517
1635,33.0034,0.8892,0.1813
1636,32.8469,0.8949,0.1955
1637,36.0240,0.9406,0.2406
1638,30.7404,0.8473,0.2073
1639,33.5561,0.8839,0.1788
1640,34.0178,0.8798,0.2073
1641,35.5892,0.9383,0.2401
1642,34.2540,0.9324,0.2055
1643,35.3052,0.9385,0.2512
1644,31.9047,0.8625,0.2196
1645,33.4228,0.9158,0.2106
1646,33.6152,0.9111,0.2133
1647,34.7138,0.9103,0.2192
1648,32.4703,0.8686,0.2209
1649,35.7566,0.9315,0.2246
1650,33.3148,0.8820,0.1849
1651,32.9266,0.8881,0.1997
1652,32.9669,0.9048,0.2197
1653,32.9479,0.8923,0.2103
1654,33.0158,0.8627,0.2057
1655,33.1747,0.8824,0.2302
1656,33.1360,0.8780,0.2128
1657,31.0506,0.8415,0.2126
1658,32.9289,0.8927,0.2451
1659,34.6332,0.9251,0.2233
1660,32.9811,0.8924,0.2126
1661,33.1656,0.9125,0.1715
1662,33.8496,0.8828,0.1566
1663,34.4321,0.9166,0.2777
1664,31.9810,0.8587,0.2197
1665,33.7147,0.8615,0.1807
1666,33.3344,0.9079,0.1959
1667,33.1683,0.8605,0.2269
1668,33.2314,0.8744,0.2197
1669,32.9650,0.8830,0.2511
1670,35.5401,0.9492,0.1846
1671,34.2775,0.9244,0.2280
1672,34.0660,0.9209,0.2493
1673,33.7185,0.9030,0.2283
1674,33.9355,0.9232,0.2073
1675,31.3710,0.8448,0.2064
1676,32.7417,0.8914,0.2166
1677,35.4217,0.9196,0.3186
1678,33.2301,0.8997,0.2192
1679,32.8945,0.8913,0.2428
1680,34.2509,0.9293,0.2126
1681,32.9038,0.9110,0.1804
1682,33.5481,0.8585,0.1705
1683,33.0456,0.8410,0.1773
1684,35.6380,0.9501,0.1788
1685,32.6040,0.8412,0.2110
1686,34.1874,0.9153,0.1860
1687,33.3533,0.9034,0.1927
1688,32.7380,0.8851,0.2319
1689,35.0578,0.9298,0.2251
1690,33.2813,0.9012,0.2246
1691,32.8218,0.8774,0.2857
1692,33.3502,0.7803,0.1515
1693,32.7943,0.8849,0.2452
1694,31.9280,0.8468,0.2017
1695,34.0645,0.9163,0.2181
1696,33.6593,0.8878,0.1855
1697,32.9489,0.8931,0.1749
1698,33.0462,0.8777,0.1662
1699,32.8772,0.8988,0.1420
1700,34.1981,0.9110,0.2179
1701,34.2667,0.9226,0.2077
1702,32.1705,0.8940,0.1994
1703,32.6199,0.8759,0.1938
1704,34.7976,0.9367,0.2720
1705,33.2870,0.8958,0.2342
1706,33.3164,0.9067,0.2064
1707,35.2124,0.9377,0.2603
1708,34.0130,0.9220,0.1661
1709,32.8944,0.8913,0.2249
1710,34.4995,0.8824,0.1963
1711,33.0309,0.8895,0.2304
1712,34.0273,0.9155,0.2370
1713,33.6187,0.8744,0.1865
1714,35.4214,0.9470,0.1953
1715,34.5932,0.9260,0.1895
1716,32.9465,0.8993,0.2435
1717,33.4510,0.9092,0.1745
1718,33.9099,0.8886,0.1595
1719,33.3776,0.8801,0.2216
1720,32.8770,0.8928,0.2069
1721,33.6784,0.9085,0.2044
1722,34.4140,0.9232,0.2202
1723,33.8730,0.8901,0.1978
1724,31.8907,0.8768,0.2627
1725,33.1087,0.8977,0.2506
1726,33.3235,0.9072,0.2410
1727,34.8063,0.9291,0.2008
1728,32.8067,0.9001,0.1905
1729,32.8928,0.8755,0.2175
1730,33.0751,0.8975,0.2020
1731,33.4009,0.9003,0.2473
1732,32.7814,0.8848,0.1855
1733,32.3643,0.8740,0.2078
1734,32.2123,0.8690,0.2334
1735,32.3570,0.8517,0.2054
1736,33.1344,0.8948,0.1770
1737,33.2236,0.8503,0.1875
1738,34.4692,0.9284,0.2059
1739,32.9686,0.9018,0.2012
1740,31.8176,0.8331,0.2310
1741,32.6430,0.8805,0.1834
1742,32.8950,0.8813,0.1783
1743,33.2478,0.9082,0.2033
1744,34.9073,0.9001,0.2656
1745,34.7432,0.9275,0.2106
1746,32.9799,0.8789,0.1745
1747,32.7235,0.8815,0.2361
1748,31.4499,0.8615,0.2384
1749,34.8742,0.9364,0.2106
1750,33.3959,0.8945,0.2775
1751,33.1122,0.9019,0.2045
1752,32.9076,0.9009,0.2625
1753,33.4680,0.8872,0.1935
1754,34.9939,0.9287,0.2391
1755,35.0379,0.9529,0.2052
1756,33.5174,0.9267,0.2189
1757,32.4786,0.8505,0.2180
1758,32.9941,0.9018,0.2088
1759,35.2360,0.9249,0.2189
1760,33.9959,0.9176,0.2382
1761,32.5550,0.8975,0.2433
1762,33.2514,0.8942,0.2250
1763,31.9999,0.8554,0.2684
1764,31.4732,0.8827,0.2223
1765,32.6168,0.8870,0.2003
1766,33.3527,0.9095,0.1924
1767,32.4356,0.8462,0.1967
1768,33.7369,0.9125,0.1792
1769,35.7101,0.9384,0.2085
1770,35.3336,0.9188,0.3190
1771,33.0430,0.8908,0.1742
1772,32.6398,0.8702,0.2089
1773,33.4396,0.8306,0.1771
1774,32.8726,0.8320,0.2245
1775,32.9913,0.8940,0.2306
1776,33.4372,0.8957,0.2111
1777,33.6626,0.9139,0.2207
1778,33.1881,0.9067,0.2083
1779,32.3921,0.8808,0.1895
1780,33.6011,0.9069,0.2241
1781,32.5539,0.8833,0.2500
1782,32.8798,0.8834,0.2309
1783,32.5030,0.8925,0.2058
1784,33.9486,0.8995,0.1864
1785,32.8500,0.8626,0.1799
1786,33.3942,0.9017,0.2171
1787,31.9105,0.8816,0.2420
1788,33.6560,0.8967,0.1830
1789,32.4163,0.8644,0.2593
1790,34.3779,0.9413,0.1705
1791,32.7464,0.8739,0.1782
1792,32.8769,0.8848,0.2284
1793,34.9751,0.9335,0.2488
1794,32.3002,0.8645,0.2667
1795,32.8550,0.8986,0.1768
1796,33.7493,0.8999,0.2578
1797,33.3085,0.8934,0.2350
1798,34.4935,0.8882,0.3131
1799,32.3322,0.8710,0.2276
1800,33.9592,0.9070,0.2306
1801,34.0105,0.9064,0.2023
1802,32.3895,0.8928,0.2096
1803,32.4010,0.8841,0.2394
1804,34.4313,0.9231,0.2144
1805,34.5254,0.9350,0.1454
1806,33.4677,0.9075,0.2059
1807,32.8234,0.8905,0.1738
1808,34.8983,0.9276,0.2388
1809,32.7064,0.8806,0.1936
1810,33.5694,0.9036,0.2335
1811,33.3116,0.8953,0.2122
1812,32.4747,0.8753,0.2474
1813,35.9167,0.9414,0.2056
1814,33.3557,0.8828,0.1873
1815,32.4393,0.8575,0.2031
1816,33.1899,0.8547,0.2223
1817,36.5557,0.9627,0.2270
1818,34.1595,0.9174,0.2101
1819,32.6647,0.8795,0.1907
1820,33.4965,0.9086,0.1788
1821,34.7888,0.9335,0.2384
1822,33.9318,0.9212,0.2212
1823,32.9371,0.9121,0.1693
1824,33.0707,0.9027,0.1762
1825,32.1348,0.7993,0.2492
1826,33.6705,0.9096,0.2003
1827,31.8843,0.8773,0.2128
1828,33.1791,0.8795,0.1685
1829,32.5054,0.8840,0.2160
1830,33.1040,0.8861,0.1812
1831,33.4406,0.8885,0.1905
1832,33.6695,0.9045,0.1839
1833,35.6222,0.9184,0.2832
1834,32.9799,0.8852,0.2443
1835,33.5401,0.9014,0.2111
1836,33.3121,0.9041,0.2072
1837,33.0208,0.9045,0.2611
1838,33.0959,0.8770,0.1747
1839,34.1020,0.9167,0.2132
1840,33.7991,0.9111,0.2296
1841,33.0990,0.8633,0.2197
1842,33.4108,0.9190,0.1751
1843,33.0166,0.8901,0.1839
1844,35.2848,0.9428,0.2672
1845,32.2923,0.8797,0.2305
1846,32.0278,0.8637,0.2570
1847,33.4067,0.9124,0.2308
1848,32.9680,0.8888,0.1760
1849,35.1311,0.9112,0.2724
1850,34.0713,0.9289,0.2179
1851,32.5269,0.8787,0.2100
1852,33.4739,0.8943,0.2188
1853,33.1506,0.9069,0.1953
1854,32.8005,0.7749,0.1740
1855,33.1107,0.8528,0.1830
1856,33.8576,0.9206,0.2165
1857,33.0635,0.8989,0.1985
1858,32.5905,0.8959,0.2217
1859,32.1476,0.8694,0.2419
1860,34.9506,0.8892,0.2701
1861,35.6654,0.9495,0.2326
1862,34.6802,0.9143,0.2944
1863,33.0104,0.8750,0.1919
1864,32.5298,0.8862,0.2190
1865,34.1610,0.9032,0.2025
1866,34.6677,0.9230,0.2504
1867,34.8210,0.9021,0.2773
1868,34.2007,0.8777,0.2902
1869,32.1825,0.8567,0.1995
1870,33.0752,0.8843,0.2449
1871,35.0004,0.9266,0.2341
1872,32.6398,0.8850,0.2469
1873,33.1527,0.7109,0.1384
1874,30.6341,0.8199,0.2646
1875,33.5738,0.8953,0.1737
1876,32.4417,0.8634,0.2017
1877,32.3171,0.7958,0.1830
1878,34.2977,0.9233,0.2264
1879,34.4418,0.9286,0.1896
1880,32.4731,0.8414,0.1907
1881,33.2601,0.8799,0.2059
1882,32.5574,0.8772,0.2229
1883,34.4038,0.9456,0.1980
1884,32.7958,0.8326,0.1729
1885,34.6703,0.9155,0.2422
1886,33.7720,0.9079,0.2381
1887,32.0360,0.8652,0.2696
1888,33.4319,0.9047,0.1892
1889,35.0496,0.9345,0.2291
1890,33.1631,0.9072,0.1760
1891,33.5738,0.8810,0.1812
1892,34.3916,0.9510,0.1912
1893,33.5576,0.9133,0.1956
1894,34.0269,0.9130,0.1849
1895,32.5913,0.8193,0.1815
1896,31.8601,0.8280,0.2073
1897,33.6486,0.9026,0.2671
1898,31.9880,0.8169,0.2728
1899,33.3560,0.9047,0.2253
1900,32.6961,0.8636,0.1883
1901,32.8806,0.8887,0.1898
1902,34.9463,0.9381,0.1801
1903,33.2206,0.8982,0.2193
1904,33.2048,0.8891,0.2477
1905,32.8629,0.8918,0.1930
1906,34.4742,0.8692,0.2210
1907,32.3893,0.7562,0.1305
1908,33.1328,0.9023,0.2117
1909,35.4522,0.9405,0.2034
1910,32.2698,0.8897,0.2155
1911,33.2426,0.9117,0.2059
1912,34.7180,0.9085,0.3379
1913,32.8708,0.8853,0.2242
1914,33.9774,0.8956,0.2439
1915,32.9962,0.8914,0.2163
1916,33.3623,0.8950,0.1869
1917,33.8643,0.9062,0.2018
1918,32.4111,0.8749,0.2311
1919,33.7556,0.9144,0.1980
1920,36.9195,0.9671,0.2209
1921,33.0430,0.8583,0.1532
1922,33.1960,0.8898,0.1923
1923,33.7585,0.8919,0.2085
1924,32.9555,0.8891,0.2625
1925,32.3313,0.8796,0.2507
1926,32.4313,0.8818,0.2399
1927,33.0114,0.8625,0.1781
1928,33.2538,0.8971,0.2303
1929,34.3212,0.9249,0.2208
1930,32.0349,0.8504,0.2165
1931,33.2901,0.9041,0.2180
1932,35.9653,0.9339,0.2038
1933,35.0985,0.9237,0.2935
1934,33.5569,0.8986,0.2208
1935,32.4395,0.8774,0.2161
1936,32.3782,0.8329,0.1863
1937,32.9657,0.8853,0.2106
1938,32.9051,0.8949,0.1899
1939,34.7825,0.9174,0.2774
1940,33.3929,0.8919,0.1976
1941,35.0586,0.9174,0.2724
1942,33.8742,0.9102,0.1938
1943,32.9750,0.8888,0.2172
1944,31.9260,0.8667,0.2474
1945,32.4570,0.8774,0.2022
1946,33.6352,0.9022,0.2338
1947,32.7532,0.8663,0.2209
1948,34.2714,0.9210,0.2508
1949,32.7346,0.8748,0.1948
1950,34.7998,0.9317,0.2523
1951,32.9392,0.8938,0.1871
1952,33.3386,0.9061,0.1805
1953,33.9640,0.8640,0.1846
1954,32.9467,0.8897,0.2396
1955,33.6702,0.9238,0.2294
1956,34.6941,0.9036,0.3131
1957,32.7770,0.8772,0.2160
1958,33.1751,0.8953,0.2256
1959,31.3753,0.8646,0.1939
1960,33.3276,0.8994,0.2460
1961,33.8155,0.8991,0.3018
1962,33.3414,0.9071,0.2105
1963,33.5438,0.8942,0.2374
1964,33.2154,0.8875,0.2032
1965,32.9936,0.8964,0.2596
1966,33.7446,0.9124,0.1808
1967,33.5467,0.9053,0.2222
1968,33.5906,0.9251,0.2352
1969,32.9932,0.8820,0.2648
1970,33.3492,0.9018,0.1920
1971,32.3159,0.8721,0.2588
1972,32.3095,0.8787,0.2366
1973,34.6640,0.9235,0.2473
1974,33.1266,0.8971,0.2532
1975,35.4276,0.9376,0.2419
1976,32.7197,0.7988,0.1618
1977,34.5117,0.9337,0.2258
1978,32.9942,0.8921,0.1891
1979,32.9496,0.8717,0.2007
1980,32.7479,0.8820,0.2328
1981,32.6602,0.8800,0.2412
1982,34.8076,0.8990,0.2815
1983,33.3425,0.8984,0.2089
1984,32.9377,0.9046,0.1965
1985,32.2581,0.8444,0.2123
1986,35.2592,0.9425,0.2511
1987,33.8526,0.9040,0.1934
1988,32.5280,0.8924,0.1710
1989,33.2505,0.8937,0.2259
1990,32.6891,0.8830,0.2061
1991,33.2077,0.8093,0.1697
1992,32.9412,0.8821,0.2209
1993,32.7712,0.8406,0.2140
1994,32.7932,0.8286,0.2097
1995,34.0148,0.9055,0.2379
1996,33.8373,0.9001,0.1867
1997,33.6051,0.9012,0.2618
1998,32.7887,0.8945,0.1841
1999,34.1165,0.8805,0.1831
2000,32.8373,0.9005,0.1857
2001,33.8731,0.9029,0.1860
2002,32.5120,0.8987,0.1799
2003,32.4372,0.8770,0.2229
2004,31.2887,0.8485,0.2198
2005,32.3293,0.8709,0.2459
2006,33.5620,0.9032,0.2197
2007,33.0698,0.8993,0.2177
2008,33.0251,0.8920,0.2622
2009,35.2894,0.9340,0.2199
2010,35.7042,0.9488,0.2078
2011,32.3575,0.8717,0.1993
2012,35.2219,0.9375,0.2778
2013,32.8868,0.8830,0.2150
2014,33.0998,0.8610,0.1982
2015,33.3300,0.9012,0.2234
2016,33.9992,0.9121,0.2180
2017,32.6900,0.8772,0.1878
2018,32.7866,0.8836,0.1861
2019,36.0046,0.9521,0.2358
2020,33.0037,0.8841,0.1786
2021,33.8145,0.9150,0.2530
2022,33.5585,0.9243,0.2335
2023,33.7311,0.9122,0.2022
2024,33.5474,0.9079,0.1972
2025,33.3111,0.8835,0.2195
2026,32.7130,0.8871,0.2363
2027,33.6960,0.9230,0.2103
2028,34.7397,0.9351,0.2191
2029,32.9020,0.9099,0.1969
2030,31.5610,0.8459,0.2274
2031,35.2377,0.9491,0.1745
2032,33.4798,0.9035,0.2196
2033,36.5235,0.9538,0.2134
2034,33.8028,0.8825,0.3372
2035,32.9596,0.8984,0.2094
2036,34.1066,0.9412,0.2011
2037,31.4215,0.8502,0.2552
2038,32.4179,0.8688,0.1720
2039,33.7083,0.9007,0.2484
2040,33.6160,0.8770,0.1911
2041,34.6504,0.9335,0.2385
2042,33.2291,0.8740,0.1691
2043,33.3543,0.8735,0.1889
2044,34.5076,0.8983,0.2945
2045,33.5978,0.9138,0.2235
2046,32.7237,0.8986,0.1884
2047,34.5457,0.8988,0.3025
2048,32.5520,0.8957,0.1850
2049,32.7843,0.8823,0.1979
2050,32.1586,0.8166,0.2015
2051,33.3418,0.8563,0.1841
2052,32.9460,0.8931,0.2224
2053,33.2611,0.8729,0.1604
2054,33.3490,0.8671,0.2081
2055,33.5334,0.8833,0.2160
2056,33.8143,0.9192,0.2096
2057,33.0788,0.8876,0.2419
2058,30.6350,0.8496,0.2002
2059,31.8941,0.8728,0.2289
2060,33.4332,0.9091,0.1864
2061,31.2205,0.8552,0.2361
2062,32.7383,0.8852,0.2007
2063,35.8746,0.9097,0.3258
2064,32.9027,0.8938,0.1987
2065,34.0267,0.9112,0.2273
2066,33.1639,0.8879,0.2303
2067,32.5307,0.8706,0.2631
2068,33.6513,0.9069,0.2208
2069,33.8213,0.9136,0.1872
2070,33.5157,0.9165,0.2172
2071,35.1880,0.9396,0.2514
2072,34.2906,0.9151,0.2377
2073,33.5854,0.9119,0.1970
2074,32.6395,0.8828,0.2201
2075,33.1102,0.8947,0.2410
2076,33.1449,0.9008,0.1710
2077,33.6315,0.9023,0.2238
2078,33.7646,0.8880,0.1745
2079,34.0648,0.8971,0.1814
2080,32.8254,0.8259,0.1911
2081,32.6427,0.8853,0.2056
2082,33.2562,0.8788,0.1759
2083,33.7467,0.9050,0.1479
2084,33.3769,0.8801,0.1562
2085,32.5053,0.8895,0.2115
2086,35.0403,0.9214,0.2935
2087,33.7128,0.9130,0.2211
2088,33.8237,0.9103,0.2259
2089,32.0496,0.8779,0.2442
2090,31.2869,0.8358,0.2234
2091,33.2259,0.8678,0.2619
2092,32.9814,0.8994,0.2465
2093,32.5407,0.8728,0.2498
2094,32.6957,0.8930,0.2170
2095,32.7194,0.8843,0.2033
2096,34.5611,0.9319,0.2158
2097,31.5669,0.8184,0.1967
2098,33.8980,0.9188,0.2221
2099,35.2207,0.9416,0.1719
2100,33.7478,0.9158,0.2232
2101,33.2247,0.8885,0.2577
2102,33.4654,0.9075,0.2335
2103,32.9870,0.9068,0.2012
2104,33.1598,0.9021,0.1990
2105,34.3376,0.9350,0.2679
2106,31.4768,0.8553,0.2376
2107,33.7896,0.9059,0.1851
2108,33.1221,0.8912,0.2237
2109,33.5148,0.8529,0.2027
2110,32.4865,0.8818,0.2325
2111,33.7658,0.9085,0.2243
2112,31.6061,0.8727,0.2182
2113,33.3068,0.8714,0.1909
2114,32.9484,0.8999,0.2391
2115,32.4965,0.8418,0.2198
2116,33.5081,0.8970,0.2640
2117,33.4076,0.9147,0.1687
2118,33.0769,0.8799,0.1866
2119,30.0861,0.8282,0.2075
2120,33.3036,0.8235,0.1796
2121,32.4072,0.8325,0.1858
2122,33.5257,0.8784,0.2247
2123,33.4971,0.9136,0.2214
2124,33.1460,0.9050,0.2037
2125,32.9893,0.8887,0.1735
2126,34.3043,0.9195,0.2277
2127,33.7899,0.9093,0.1777
2128,34.0186,0.9339,0.2082
2129,32.7255,0.8794,0.2096
2130,32.7352,0.8865,0.2191
2131,31.8039,0.8595,0.2218
2132,33.0210,0.8870,0.2237
2133,32.4324,0.8583,0.1987
2134,33.1064,0.9001,0.2411
2135,33.8859,0.9176,0.2432
2136,32.3695,0.8777,0.2383
2137,32.3394,0.8977,0.1952
2138,33.3685,0.8605,0.1977
2139,35.9612,0.9459,0.1833
2140,32.8136,0.8719,0.1833
2141,35.3451,0.9298,0.2440
2142,33.2307,0.8928,0.2068
2143,32.9612,0.8613,0.1998
2144,33.2188,0.8867,0.2631
2145,34.4432,0.9150,0.1551
2146,34.6388,0.9162,0.2270
2147,32.5049,0.8908,0.2362
2148,35.4756,0.9322,0.2166
2149,33.2236,0.9014,0.2381
2150,33.2088,0.8919,0.1887
2151,32.6900,0.8986,0.1823
2152,33.3220,0.9089,0.2499
2153,32.0505,0.8423,0.2571
2154,35.6115,0.9422,0.2343
2155,32.8538,0.8922,0.2227
2156,31.9354,0.8819,0.1904
2157,33.1780,0.8957,0.1980
2158,33.6939,0.9071,0.2220
2159,34.9789,0.9307,0.2460
2160,33.4311,0.8934,0.2554
2161,34.0214,0.9213,0.1793
2162,33.2861,0.8570,0.1877
2163,32.3937,0.8585,0.1956
2164,34.3330,0.9264,0.2149
2165,32.7113,0.8909,0.1690
2166,33.9882,0.8915,0.3030
2167,32.5512,0.8756,0.1922
2168,33.6932,0.8998,0.2533
2169,33.4899,0.8965,0.2091
2170,34.1742,0.9177,0.2148
2171,34.4689,0.9290,0.1762
2172,34.0067,0.9249,0.1935
2173,32.1164,0.8140,0.2018
2174,33.8220,0.9193,0.2024
2175,31.0923,0.8492,0.2028
2176,32.8679,0.8842,0.2351
2177,33.4142,0.9078,0.1812
2178,33.2782,0.9063,0.1948
2179,33.3288,0.9153,0.2077
2180,33.5362,0.9118,0.2077
2181,32.1772,0.8704,0.2536
2182,35.6241,0.9366,0.2264
2183,34.3231,0.9342,0.1761
2184,32.7294,0.8828,0.1710
2185,34.1998,0.9162,0.1978
2186,32.7003,0.8857,0.2134
2187,32.8773,0.8796,0.1827
2188,32.5660,0.8938,0.2057
2189,34.1089,0.9100,0.2207
2190,34.7314,0.9434,0.2409
2191,32.8885,0.8688,0.1923
2192,32.9165,0.8726,0.2081
2193,32.7649,0.8969,0.1990
2194,32.4324,0.8352,0.2260
2195,33.9584,0.8626,0.1599
2196,34.6337,0.9292,0.2510
2197,33.6905,0.9115,0.2010
2198,35.4887,0.9501,0.2305
2199,34.0479,0.9151,0.1829
2200,33.4519,0.8966,0.2260
2201,33.6575,0.9070,0.1744
2202,33.8542,0.9011,0.2625
2203,34.3344,0.9128,0.2358
2204,34.6815,0.9306,0.2753
2205,32.9035,0.8818,0.2591
2206,32.7601,0.9022,0.2063
2207,32.7373,0.8736,0.2912
2208,33.2499,0.9039,0.2425
2209,33.7794,0.9098,0.2159
2210,33.5168,0.8841,0.1938
2211,33.8959,0.9128,0.1778
2212,33.1431,0.8917,0.1729
2213,35.7479,0.9356,0.2100
2214,32.1804,0.8135,0.2273
2215,32.6033,0.8850,0.2188
2216,34.6392,0.9132,0.3011
2217,33.2766,0.8795,0.1991
2218,33.0584,0.8893,0.1742
2219,34.3813,0.9182,0.2361
2220,30.7578,0.8627,0.2021
2221,32.3710,0.8741,0.2767
2222,34.5416,0.9183,0.2030
2223,32.5641,0.8327,0.1957
2224,35.2365,0.9517,0.2570
2225,32.9223,0.8764,0.2054
2226,33.0530,0.8964,0.2012
2227,32.7425,0.8682,0.1866
2228,32.2859,0.8643,0.2458
2229,32.7962,0.8732,0.2106
2230,33.0067,0.9158,0.1712
2231,32.9514,0.8894,0.1985
2232,33.5344,0.9085,0.2126
2233,35.0616,0.9327,0.2413
2234,33.1188,0.9040,0.2098
2235,31.8497,0.8708,0.2387
2236,32.8175,0.8940,0.1929
2237,31.7202,0.8660,0.2242
2238,35.3105,0.9477,0.2089
2239,33.4465,0.9006,0.1896
2240,33.4116,0.8836,0.1811
2241,32.7486,0.8488,0.2479
2242,32.8607,0.8834,0.2232
2243,33.5540,0.8997,0.2176
2244,32.4748,0.8801,0.2123
2245,32.7342,0.8873,0.1826
2246,32.5454,0.8848,0.2140
2247,35.5107,0.9426,0.1993
2248,32.6369,0.8820,0.1854
2249,33.7307,0.8943,0.2084
2250,33.6127,0.9154,0.1870
2251,32.9894,0.8817,0.2489
2252,34.2191,0.9183,0.2137
2253,33.0033,0.8895,0.1783
2254,35.3741,0.9414,0.2291
2255,34.1378,0.9178,0.2551
2256,33.4179,0.9075,0.1972
2257,32.8965,0.8861,0.2095
2258,35.8351,0.9231,0.3126
2259,33.9450,0.9171,0.1776
2260,33.0523,0.8819,0.2120
2261,34.1581,0.9263,0.2245
2262,32.4079,0.8706,0.2188
2263,32.5066,0.8707,0.2365
2264,32.4945,0.8634,0.1911
2265,32.9207,0.8527,0.1815
2266,33.1622,0.8909,0.2232
2267,32.4067,0.8930,0.2576
2268,33.1681,0.8943,0.2596
2269,35.6945,0.9479,0.2164
2270,35.1936,0.9145,0.3429
2271,33.2401,0.8817,0.2012
2272,33.6812,0.9103,0.1947
2273,34.7618,0.9150,0.2661
2274,32.5133,0.7821,0.1962
2275,31.4379,0.8627,0.2191
2276,34.3850,0.9300,0.2272
2277,33.6972,0.9211,0.1925
2278,33.2222,0.8722,0.2048
2279,33.1156,0.8911,0.1933
2280,33.5569,0.9062,0.1850
2281,32.4985,0.8853,0.2148
2282,34.8028,0.9367,0.2139
2283,34.1619,0.9334,0.1784
2284,34.5500,0.9268,0.2558
2285,33.0210,0.8637,0.2019
2286,32.3768,0.7865,0.1739
2287,32.1202,0.8146,0.1971
2288,36.5544,0.9378,0.2667
2289,32.6988,0.8680,0.2112
2290,33.7666,0.9170,0.1798
2291,34.2385,0.9239,0.2249
2292,33.1678,0.8892,0.2421
2293,35.4420,0.9357,0.2101
2294,33.1649,0.8821,0.1948
2295,32.3599,0.8312,0.2074
2296,34.1532,0.9148,0.2386
2297,33.2251,0.9166,0.1797
2298,33.0441,0.8688,0.1874
2299,33.2891,0.8832,0.1911
2300,33.0288,0.8994,0.2226
2301,33.6441,0.9088,0.2513
2302,32.9502,0.8961,0.2077
2303,32.7824,0.8957,0.2156
2304,35.6203,0.9265,0.2961
2305,33.4897,0.9094,0.1914
2306,33.0896,0.8940,0.2540
2307,31.3047,0.8480,0.2194
2308,34.6475,0.9089,0.3155
2309,32.8704,0.8800,0.1833
2310,36.5317,0.9562,0.2111
2311,33.5041,0.8820,0.1896
2312,32.9840,0.8310,0.1906
2313,33.0227,0.8704,0.1800
2314,35.4114,0.9238,0.2825
2315,32.6791,0.8755,0.2298
2316,32.8967,0.8882,0.2117
2317,33.0963,0.8851,0.1846
2318,32.5990,0.8536,0.1964
2319,32.8037,0.9132,0.1992
2320,33.3285,0.8928,0.2500
2321,33.4711,0.9115,0.1956
2322,32.8619,0.8952,0.2481
2323,32.7892,0.8841,0.1752
2324,32.5818,0.8854,0.2000
2325,33.2722,0.8974,0.2481
2326,33.5021,0.8972,0.1986
2327,31.0301,0.8589,0.2127
2328,32.8248,0.8936,0.2229
2329,32.7231,0.8955,0.1993
2330,32.9614,0.8834,0.2205
2331,33.4968,0.9033,0.2068
2332,33.2041,0.8797,0.1784
2333,32.9904,0.8510,0.1625
2334,33.0280,0.8742,0.2343
2335,34.7773,0.9297,0.2591
2336,33.7250,0.8602,0.1791
2337,33.2565,0.8917,0.1795
2338,31.5694,0.8666,0.2205
2339,32.5219,0.8805,0.2474
2340,33.6480,0.9061,0.2352
2341,32.8638,0.8946,0.2165
2342,32.3654,0.8632,0.2535
2343,33.9251,0.9038,0.1874
2344,31.1248,0.8483,0.2722
2345,33.1701,0.8946,0.2246
2346,32.8421,0.9022,0.1926
2347,33.0262,0.8957,0.2313
2348,33.7798,0.8872,0.1937
2349,34.7485,0.9288,0.2527
2350,33.5639,0.8929,0.2396
2351,34.2997,0.9182,0.1966
2352,33.8626,0.8762,0.2057
2353,34.6451,0.9325,0.2259
2354,31.9775,0.8612,0.2542
2355,33.6333,0.9016,0.1942
2356,33.8550,0.9164,0.2820
2357,33.5598,0.9082,0.2048
2358,34.7977,0.9315,0.2439
2359,32.7989,0.8772,0.2004
2360,33.8094,0.9021,0.2553
2361,33.4144,0.9064,0.1785
2362,32.4430,0.8078,0.2318
2363,33.5849,0.8962,0.2797
2364,32.9594,0.8998,0.1838
2365,32.5624,0.8957,0.2639
2366,33.5107,0.8967,0.1821
2367,33.6060,0.9065,0.2104
2368,33.2138,0.8976,0.2131
2369,33.1075,0.9020,0.1817
2370,33.9001,0.9223,0.2312
2371,31.8542,0.8508,0.2233
2372,34.0687,0.9198,0.2200
2373,34.2935,0.9157,0.2475
2374,33.7228,0.9189,0.2866
2375,33.4211,0.8939,0.2577
2376,35.0628,0.8991,0.2636
2377,33.1886,0.8949,0.1879
2378,34.3196,0.9118,0.2452
2379,34.1252,0.9246,0.1999
2380,33.0552,0.8941,0.1927
2381,33.3773,0.9087,0.2263
2382,32.6644,0.8881,0.1845
2383,32.9581,0.8846,0.1744
2384,33.3493,0.8964,0.2479
2385,33.5591,0.9076,0.1971
2386,34.2482,0.9046,0.1724
2387,34.6242,0.9314,0.2717
2388,32.0934,0.8657,0.2297
2389,33.5929,0.8448,0.2072
2390,32.7798,0.9044,0.1794
2391,32.1794,0.8170,0.2046
2392,33.8528,0.9093,0.1678
2393,32.6163,0.9055,0.1831
2394,35.3093,0.9549,0.1916
2395,33.3368,0.9017,0.2699
2396,32.8920,0.9008,0.2022
2397,32.7984,0.7983,0.1734
2398,33.4827,0.8955,0.2534
2399,37.1439,0.9662,0.2306
2400,32.9263,0.8950,0.2382
2401,31.2863,0.8337,0.1680
2402,34.2082,0.9275,0.1952
2403,32.8386,0.8757,0.2129
2404,34.3223,0.9258,0.1909
2405,33.2962,0.8985,0.1797
2406,32.4022,0.8721,0.2003
2407,33.4292,0.8820,0.2005
2408,34.2338,0.9294,0.2496
2409,32.9031,0.8750,0.1991
2410,33.7239,0.9078,0.2102
2411,33.0248,0.8970,0.1821
2412,33.0891,0.8937,0.1975
2413,36.5021,0.9594,0.2097
2414,34.6651,0.9161,0.2221
2415,33.7322,0.9212,0.1845
2416,35.4684,0.9467,0.2269
2417,30.9801,0.8514,0.2173
2418,32.6322,0.7191,0.1870
2419,32.7824,0.8514,0.1615
2420,35.7509,0.9456,0.1733
2421,32.8625,0.8857,0.2162
2422,32.3458,0.8484,0.2369
2423,33.7946,0.9095,0.2078
2424,33.9334,0.9033,0.2187
2425,32.9228,0.8853,0.1960
2426,33.4584,0.9012,0.2068
2427,31.4318,0.8378,0.2030
2428,32.1065,0.8859,0.1710
2429,33.8168,0.9080,0.2457
2430,32.6539,0.8857,0.1848
2431,34.3979,0.9317,0.2040
2432,32.8071,0.8864,0.2406
2433,34.4106,0.9334,0.1887
2434,33.7961,0.9180,0.1895
2435,33.3311,0.8680,0.1808
2436,33.1971,0.9032,0.2040
2437,33.3041,0.8959,0.2175
2438,34.2740,0.9136,0.2800
2439,33.2477,0.8946,0.2199
2440,33.3777,0.8968,0.2653
2441,32.6691,0.8924,0.2223
2442,33.9694,0.9215,0.1960
2443,32.9096,0.8992,0.1884
2444,32.9634,0.8496,0.1977
2445,35.6439,0.9442,0.2291
2446,34.5318,0.9267,0.2465
2447,33.5632,0.9058,0.2027
2448,33.2465,0.9110,0.2605
2449,32.8513,0.8561,0.2122
2450,32.1758,0.8598,0.2739
2451,34.3092,0.9189,0.1657
2452,33.5394,0.8804,0.2141
2453,32.7202,0.8806,0.2105
2454,36.3611,0.9420,0.1901
2455,34.4590,0.9446,0.2096
2456,35.3062,0.9291,0.2746
2457,34.0360,0.8501,0.1659
2458,32.4944,0.8816,0.2236
2459,33.5426,0.9063,0.2532
2460,33.4158,0.9071,0.1991
2461,33.4784,0.8997,0.2303
2462,34.8425,0.9368,0.2247
2463,32.7912,0.8674,0.2052
2464,34.3710,0.9198,0.3046
2465,35.8729,0.9443,0.2123
2466,34.0870,0.9172,0.1925
2467,32.9809,0.8927,0.2315
2468,34.0771,0.9114,0.1898
2469,33.1704,0.8238,0.1841
2470,32.6647,0.8784,0.2228
2471,33.6399,0.8958,0.2490
2472,30.2670,0.8168,0.2641
2473,32.6122,0.8903,0.2419
2474,31.3717,0.8763,0.2033
2475,32.9451,0.8853,0.1950
2476,33.9832,0.9110,0.2400
2477,33.0545,0.8886,0.2255
2478,33.5293,0.9078,0.1521
2479,33.8475,0.9185,0.1961
2480,33.4467,0.8972,0.2178
2481,32.7703,0.8822,0.2357
2482,33.1605,0.8858,0.1942
2483,33.6413,0.9112,0.1962
2484,34.7702,0.9413,0.2021
2485,32.7568,0.8846,0.2461
2486,32.5840,0.8829,0.2031
2487,32.8742,0.9013,0.2516
2488,33.1926,0.9103,0.2212
2489,30.9695,0.7866,0.2436
2490,33.7316,0.9301,0.1977
2491,34.1514,0.9278,0.2002
2492,33.3000,0.9013,0.1915
2493,33.6807,0.9098,0.1880
2494,32.3704,0.8731,0.2002
2495,32.4158,0.8130,0.1866
2496,33.1118,0.9052,0.2074
2497,32.7218,0.8823,0.1942
2498,32.8394,0.9004,0.1876
2499,32.4944,0.8905,0.1964
2500,32.3146,0.8604,0.2453
2501,33.5291,0.8712,0.1909
2502,33.1024,0.8825,0.2169
2503,35.4712,0.9449,0.2060
2504,32.7751,0.8956,0.2317
2505,33.3023,0.8953,0.2668
2506,33.6174,0.9011,0.2064
2507,33.9920,0.9236,0.1666
2508,34.0441,0.9148,0.2274
2509,32.8762,0.8829,0.2201
2510,33.5563,0.9039,0.2328
2511,34.3991,0.9271,0.2079
2512,33.0260,0.8751,0.1611
2513,33.6041,0.8974,0.2601
2514,35.1931,0.8757,0.1954
2515,32.1094,0.8894,0.1926
2516,34.9076,0.9336,0.2099
2517,34.6538,0.8852,0.2842
2518,33.4203,0.8956,0.2278
2519,33.4109,0.9210,0.1838
2520,33.7832,0.9095,0.2075
2521,33.9500,0.9327,0.1966
2522,33.3754,0.9076,0.2134
2523,33.0955,0.8954,0.2174
2524,32.3797,0.8839,0.1962
2525,32.5771,0.8682,0.2153
2526,32.8542,0.8619,0.2039
2527,32.9817,0.8994,0.1785
2528,33.2593,0.8895,0.2343
2529,34.0991,0.9119,0.2085
2530,32.6347,0.8852,0.1902
2531,34.1536,0.9196,0.2495
2532,32.8377,0.8884,0.2461
2533,33.2351,0.8985,0.1897
2534,31.8460,0.8706,0.2439
2535,33.8696,0.9183,0.2051
2536,32.0447,0.8688,0.2441
2537,32.8515,0.8794,0.2172
2538,33.8982,0.9075,0.2279
2539,33.5117,0.8739,0.1826
2540,36.6546,0.9570,0.2066
2541,33.4199,0.8698,0.2048
2542,33.3973,0.9032,0.1908
2543,34.2396,0.9228,0.2236
2544,33.0751,0.8918,0.1674
2545,33.5873,0.8969,0.2588
2546,33.8408,0.9127,0.2013
2547,34.4582,0.9240,0.2220
2548,33.9111,0.8804,0.1812
2549,33.0953,0.8894,0.1890
2550,31.9193,0.8678,0.2383
2551,32.5411,0.8727,0.2417

Average,33.4159,0.8927,0.2175
Std Dev,1.0144,0.0323,0.0324
